1,0,1,3e-7
2,0,1,7e-7
3,0,2,9e-7
4,0,2,0.0000013
5,0,2,0.0000023
6,0,2,0.0000042
7,0,3,0.000005
8,0,2,0.0000159
9,0,3,0.0000198
10,0,3,0.0000487
11,0,4,0.0000435
12,0,3,0.0002098
13,0,3,0.000315
14,0,3,0.0007788
15,0,2,0.0031955
16,0,3,0.0032943
17,0,3,0.0066621
18,0,4,0.0072395
19,0,4,0.0148557
20,0,4,0.0290677
21,0,4,0.0589491
22,0,4,0.1216336
23,0,4,0.249547
24,0,3,0.9679575
25,0,5,0.53941935
26,0,4,2.0558248
27,0,5,2.2278483
28,0,5,4.5177827
29,0,5,9.248247
30,0,4,37.777275
31,0,5,41.269276
32,0,6,43.23232
1,1,1,2e-7
2,1,1,0.0000012
3,1,2,0.0000012
4,1,2,0.0000022
5,1,2,0.0000044
6,1,3,0.0000049
7,1,2,0.0000171
8,1,3,0.0000183
9,1,2,0.0000643
10,1,2,0.0001263
11,1,2,0.0002535
12,1,3,0.0002792
13,1,3,0.0005529
14,1,4,0.000585
15,1,3,0.0021714
16,1,3,0.0045994
17,1,3,0.0090845
18,1,4,0.0095698
19,1,3,0.0358496
20,1,3,0.071290895
21,1,4,0.075502895
22,1,4,0.1556896
23,1,4,0.3079456
24,1,4,0.6112234
25,1,4,1.2273581
26,1,5,1.2890577
27,1,5,2.603014
28,1,5,5.187183
29,1,5,10.409907
30,1,5,21.157633
31,1,6,22.86215
32,1,6,44.730705
1,2,1,4e-7
2,2,1,0.0000012
3,2,2,0.0000012
4,2,2,0.0000024
5,2,2,0.0000045
6,2,2,0.0000091
7,2,3,0.0000099
8,2,2,0.0000343
9,2,3,0.0000375
10,2,4,0.0000389
11,2,3,0.0001414
12,2,3,0.0002847
13,2,3,0.0005661
14,2,3,0.0011406
15,2,3,0.0024474
16,2,4,0.0024903
17,2,3,0.0099264
18,2,4,0.0096006
19,2,3,0.0376108
20,2,5,0.0209993
21,2,3,0.1481556
22,2,4,0.154514
23,2,3,0.592054
24,2,5,0.3295277
25,2,5,0.6594407
26,2,5,1.3115178
27,2,4,4.90599
28,2,5,5.3647985
29,2,5,10.609007
30,2,6,11.05991
31,2,5,42.366703
32,2,6,45.71298
1,3,1,3e-7
2,3,1,0.0000012
3,3,2,0.0000012
4,3,2,0.0000024
5,3,2,0.0000048
6,3,3,0.0000051
7,3,2,0.0000175
8,3,2,0.0000347
9,3,2,0.0000665
10,3,3,0.0000737
11,3,3,0.0001424
12,3,3,0.0002888
13,3,2,0.0010445
14,3,3,0.0013629
15,3,3,0.0023385
16,3,3,0.0047111
17,3,3,0.0100578
18,3,4,0.0116418
19,3,4,0.0227678
20,3,3,0.0733173
21,3,4,0.0833381
22,3,3,0.3084095
23,3,4,0.3123574
24,3,4,0.6449651
25,3,4,1.2422388
26,3,5,1.3347151
27,3,5,2.6826782
28,3,5,5.38346
29,3,5,10.506112
30,3,5,21.369923
31,3,7,11.966982
32,3,6,44.17993
1,4,1,2e-7
2,4,2,4e-7
3,4,2,0.0000012
4,4,2,0.0000024
5,4,2,0.0000045
6,4,3,0.0000049
7,4,2,0.000017
8,4,2,0.0000343
9,4,3,0.0000368
10,4,3,0.0000732
11,4,3,0.0001418
12,4,2,0.0005236
13,4,3,0.0005711
14,4,3,0.0013762
15,4,3,0.0022766
16,4,3,0.0064136
17,4,3,0.0115428
18,4,4,0.0102675
19,4,3,0.0353782
20,4,3,0.0707098
21,4,3,0.16976899
22,4,4,0.15315
23,4,4,0.3118664
24,4,5,0.32632282
25,4,4,1.2191063
26,4,4,2.4252276
27,4,6,1.4200834
28,4,5,5.4339514
29,4,5,10.642732
30,4,5,21.466173
31,4,5,41.858707
32,4,5,86.31678
1,5,1,2e-7
2,5,1,9e-7
3,5,1,0.0000019
4,5,1,0.0000041
5,5,2,0.0000045
6,5,2,0.0000085
7,5,3,0.0000091
8,5,3,0.0000192
9,5,3,0.0000373
10,5,3,0.0000724
11,5,3,0.0001422
12,5,2,0.0005238
13,5,4,0.0003034
14,5,3,0.0011453
15,5,3,0.0023653
16,5,3,0.004608
17,5,3,0.0095816
18,5,3,0.0192829
19,5,3,0.0373893
20,5,3,0.0740211
21,5,4,0.0759454
22,5,5,0.082627
23,5,4,0.3112971
24,5,4,0.6559067
25,5,5,0.65423644
26,5,5,1.3333383
27,5,5,2.6770484
28,5,5,5.4603224
29,5,5,10.864736
30,5,5,21.59645
31,5,6,22.878695
32,5,6,45.224903
1,6,1,3e-7
2,6,1,0.000001
3,6,1,0.0000022
4,6,2,0.0000024
5,6,2,0.0000045
6,6,2,0.0000088
7,6,2,0.0000175
8,6,3,0.0000184
9,6,2,0.0000651
10,6,2,0.0001311
11,6,3,0.0001451
12,6,3,0.0002884
13,6,3,0.0005682
14,6,3,0.0012604
15,6,3,0.0022747
16,6,3,0.0047166
17,6,4,0.0051322
18,6,3,0.0195413
19,6,4,0.0194716
20,6,3,0.0716097
21,6,3,0.1510486
22,6,4,0.17001341
23,6,3,0.5826484
24,6,4,0.6272448
25,6,4,1.2887024
26,6,5,1.3168348
27,6,5,2.7046356
28,6,5,5.244189
29,6,6,5.6083045
30,6,5,21.234673
31,6,5,43.120167
32,6,6,44.70353
1,7,1,3e-7
2,7,1,0.0000011
3,7,1,0.0000022
4,7,2,0.0000024
5,7,3,0.0000027
6,7,2,0.0000092
7,7,2,0.0000175
8,7,3,0.0000194
9,7,2,0.0000671
10,7,2,0.0001325
11,7,3,0.0001433
12,7,3,0.000285
13,7,4,0.0003146
14,7,3,0.0011357
15,7,3,0.0023499
16,7,3,0.004636
17,7,3,0.0093321
18,7,3,0.0184203
19,7,4,0.0196168
20,7,4,0.0381899
21,7,3,0.1455263
22,7,3,0.2900995
23,7,3,0.5872317
24,7,4,0.6135317
25,7,4,1.2607977
26,7,5,1.3330549
27,7,5,2.6663756
28,7,5,5.2626214
29,7,5,10.758764
30,7,5,21.088293
31,7,6,22.468534
32,7,6,45.260403
1,8,1,3e-7
2,8,2,3e-7
3,8,3,4e-7
4,8,3,0.0000012
5,8,2,0.0000044
6,8,4,0.0000025
7,8,3,0.0000093
8,8,3,0.0000186
9,8,2,0.0000665
10,8,3,0.0000719
11,8,4,0.0000779
12,8,3,0.000288
13,8,4,0.000304
14,8,4,0.0006057
15,8,2,0.0042051
16,8,3,0.0047158
17,8,4,0.0050605
18,8,3,0.018136
19,8,4,0.0198583
20,8,3,0.06985471
21,8,4,0.0777474
22,8,5,0.0985271
23,8,4,0.3107399
24,8,4,0.6217078
25,8,4,1.2381101
26,8,4,2.4961567
27,8,4,4.9856963
28,8,5,5.265638
29,8,5,10.675566
30,8,4,35.05568
31,8,6,16.82519
32,8,5,50.971367
1,9,1,3e-7
2,9,1,0.0000011
3,9,1,0.0000022
4,9,2,0.0000025
5,9,2,0.0000047
6,9,2,0.0000092
7,9,3,0.0000098
8,9,2,0.0000345
9,9,3,0.0000371
10,9,3,0.0000732
11,9,3,0.0001423
12,9,3,0.0002934
13,9,3,0.0005697
14,9,3,0.001132
15,9,3,0.0023312
16,9,3,0.0047976
17,9,4,0.0051387
18,9,4,0.0100681
19,9,3,0.0363181
20,9,4,0.039169
21,9,3,0.1454913
22,9,4,0.1574467
23,9,4,0.31962
24,9,4,0.6283081
25,9,4,1.257127
26,9,4,2.496929
27,9,5,2.6625676
28,9,5,5.3057523
29,9,6,5.6422234
30,9,5,21.474897
31,9,5,42.249878
32,9,5,83.646736
1,10,1,2e-7
2,10,2,3e-7
3,10,2,0.0000013
4,10,2,0.0000024
5,10,2,0.0000046
6,10,2,0.0000082
7,10,2,0.000017
8,10,3,0.0000182
9,10,3,0.0000367
10,10,3,0.0000714
11,10,3,0.0001408
12,10,2,0.0005262
13,10,3,0.0005707
14,10,4,0.000609
15,10,3,0.0022596
16,10,3,0.004533
17,10,3,0.0090971
18,10,4,0.0107141
19,10,3,0.040367
20,10,3,0.0738848
21,10,4,0.077594094
22,10,3,0.2930965
23,10,3,0.5736702
24,10,4,0.62399215
25,10,5,0.6763744
26,10,5,1.3217726
27,10,4,4.9188004
28,10,5,5.228481
29,10,5,10.616656
30,10,5,21.147234
31,10,5,40.99009
32,10,6,35.550743
1,11,1,3e-7
2,11,1,0.0000012
3,11,2,0.0000012
4,11,2,0.0000024
5,11,2,0.0000047
6,11,2,0.0000089
7,11,2,0.0000171
8,11,2,0.0000338
9,11,3,0.0000372
10,11,3,0.0000739
11,11,3,0.0001426
12,11,4,0.0002402
13,11,3,0.0007076
14,11,3,0.0011356
15,11,3,0.0023486
16,11,4,0.0026156
17,11,4,0.0050429
18,11,3,0.0182435
19,11,3,0.0368246
20,11,3,0.07309809
21,11,3,0.1452358
22,11,3,0.2949829
23,11,3,0.60786986
24,11,4,0.65632176
25,11,4,1.3014625
26,11,4,2.580999
27,11,5,2.6665325
28,11,6,2.7396467
29,11,5,9.541515
30,11,5,17.879013
31,11,5,30.160492
32,11,6,28.528063
1,12,1,4e-7
2,12,1,0.0000011
3,12,1,0.0000022
4,12,2,0.0000024
5,12,2,0.0000046
6,12,2,0.0000089
7,12,3,0.0000095
8,12,2,0.0000334
9,12,3,0.0000363
10,12,2,0.0001268
11,12,3,0.0002213
12,12,3,0.0002796
13,12,3,0.00055
14,12,3,0.0010922
15,12,4,0.0011865
16,12,3,0.0044823
17,12,4,0.0048061
18,12,3,0.0183585
19,12,3,0.0357892
20,12,3,0.071974
21,12,4,0.0772152
22,12,3,0.282572
23,12,4,0.3046416
24,12,5,0.3255604
25,12,4,1.2268617
26,12,4,2.4053583
27,12,4,4.8695774
28,12,6,2.7611368
29,12,5,10.404775
30,12,6,11.177406
31,12,5,41.743294
32,12,5,85.00281
1,13,1,3e-7
2,13,2,3e-7
3,13,2,0.0000013
4,13,2,0.0000025
5,13,2,0.0000048
6,13,2,0.000009
7,13,2,0.0000171
8,13,3,0.0000194
9,13,2,0.0000674
10,13,2,0.000131
11,13,3,0.0001444
12,13,3,0.0002843
13,13,3,0.000569
14,13,3,0.001216
15,13,3,0.0023846
16,13,4,0.0026139
17,13,4,0.0050917
18,13,3,0.0186367
19,13,4,0.0200493
20,13,3,0.070278
21,13,3,0.14572169
22,13,3,0.2907257
23,13,5,0.1618761
24,13,4,0.61658704
25,13,4,1.2630166
26,13,4,2.4295988
27,13,5,2.604276
28,13,5,5.1466703
29,13,6,5.597735
30,13,5,21.01325
31,13,5,42.191654
32,13,5,85.4501
1,14,1,3e-7
2,14,1,0.000001
3,14,2,0.0000012
4,14,1,0.0000044
5,14,2,0.0000046
6,14,2,0.000009
7,14,2,0.0000172
8,14,3,0.0000189
9,14,3,0.0000362
10,14,2,0.0001318
11,14,2,0.0002611
12,14,3,0.0002914
13,14,3,0.0005664
14,14,3,0.0011398
15,14,3,0.0022913
16,14,3,0.0045062
17,14,4,0.0049255
18,14,3,0.018122
19,14,4,0.0197068
20,14,3,0.071791
21,14,4,0.08247449
22,14,4,0.1524596
23,14,4,0.3111867
24,14,6,0.1760055
25,14,4,1.2223392
26,14,4,2.4905217
27,14,5,2.6176298
28,14,5,5.3176904
29,14,5,10.67818
30,14,5,21.36448
31,14,5,41.89849
32,14,6,44.792137
1,15,1,3e-7
2,15,1,0.0000011
3,15,1,0.0000022
4,15,2,0.0000024
5,15,2,0.0000048
6,15,2,0.0000095
7,15,2,0.0000173
8,15,4,0.0000108
9,15,2,0.0000672
10,15,3,0.0000733
11,15,2,0.0002595
12,15,3,0.0002862
13,15,3,0.000574
14,15,3,0.0011196
15,15,4,0.0012118
16,15,3,0.0050563
17,15,3,0.0096755
18,15,3,0.0185685
19,15,3,0.0369923
20,15,4,0.03861
21,15,3,0.1513039
22,15,4,0.1598948
23,15,4,0.3133934
24,15,4,0.6362065
25,15,4,1.2455618
26,15,5,1.3353338
27,15,5,2.6558838
28,15,4,9.888119
29,15,5,10.631264
30,15,5,21.167305
31,15,5,42.412457
32,15,6,44.593872
1,16,1,3e-7
2,16,1,0.0000011
3,16,2,0.0000013
4,16,2,0.0000025
5,16,1,0.0000084
6,16,2,0.0000092
7,16,2,0.0000178
8,16,2,0.000034
9,16,3,0.0000371
10,16,3,0.0000742
11,16,3,0.0001419
12,16,3,0.0002851
13,16,4,0.0003062
14,16,4,0.0006073
15,16,4,0.0012987
16,16,3,0.0047294
17,16,3,0.0095405
18,16,3,0.0184957
19,16,3,0.0359161
20,16,4,0.0386832
21,16,4,0.07966471
22,16,3,0.2895099
23,16,4,0.3173327
24,16,4,0.61557066
25,16,5,0.66506386
26,16,5,1.36854
27,16,5,2.6373749
28,16,5,5.393928
29,16,5,10.836843
30,16,5,21.124037
31,16,5,42.233894
32,16,5,84.66407
1,17,1,3e-7
2,17,2,3e-7
3,17,2,0.0000012
4,17,2,0.0000024
5,17,2,0.0000046
6,17,3,0.0000052
7,17,2,0.0000179
8,17,3,0.0000194
9,17,3,0.0000361
10,17,3,0.0000734
11,17,3,0.0001428
12,17,3,0.0002845
13,17,3,0.0006695
14,17,3,0.0011196
15,17,3,0.0022396
16,17,3,0.0044713
17,17,4,0.0048819
18,17,4,0.0097859
19,17,4,0.0198588
20,17,3,0.07367
21,17,3,0.14260511
22,17,4,0.1548536
23,17,4,0.31229478
24,17,4,0.623574
25,17,5,0.66316175
26,17,4,2.5007427
27,17,5,2.6680498
28,17,5,5.354663
29,17,5,10.71879
30,17,5,20.980986
31,17,5,42.52157
32,17,6,45.49968
1,18,1,3e-7
2,18,1,0.0000012
3,18,1,0.0000023
4,18,2,0.0000024
5,18,3,0.0000026
6,18,2,0.0000093
7,18,3,0.0000096
8,18,3,0.0000191
9,18,3,0.0000372
10,18,2,0.0001331
11,18,3,0.0001669
12,18,3,0.0002834
13,18,3,0.0005726
14,18,4,0.0006421
15,18,3,0.0069418
16,18,4,0.0024094
17,18,3,0.0092119
18,18,3,0.018055
19,18,4,0.0198912
20,18,4,0.0392899
21,18,3,0.15054831
22,18,4,0.1561524
23,18,4,0.309998
24,18,4,0.6298313
25,18,4,1.2360415
26,18,4,2.475053
27,18,6,1.3850205
28,18,5,5.1770735
29,18,5,10.522285
30,18,5,21.374327
31,18,6,22.185787
32,18,6,54.783035
1,19,1,3e-7
2,19,1,0.000001
3,19,2,0.0000011
4,19,2,0.0000024
5,19,2,0.0000047
6,19,2,0.0000091
7,19,2,0.0000178
8,19,3,0.0000192
9,19,3,0.0000376
10,19,3,0.0000666
11,19,3,0.0001438
12,19,3,0.0002832
13,19,3,0.000579
14,19,3,0.0012167
15,19,3,0.0023988
16,19,3,0.0047292
17,19,3,0.0093075
18,19,4,0.010007
19,19,4,0.0200658
20,19,3,0.072216496
21,19,4,0.07640231
22,19,3,0.2879991
23,19,4,0.3280026
24,19,4,0.6132152
25,19,5,0.65633386
26,19,5,1.3104353
27,19,5,2.6494224
28,19,5,5.912542
29,19,5,10.512604
30,19,5,21.267609
31,19,5,42.329178
32,19,6,44.93485
1,20,1,3e-7
2,20,1,0.0000011
3,20,1,0.0000022
4,20,3,0.0000012
5,20,2,0.0000045
6,20,2,0.000012
7,20,3,0.0000095
8,20,3,0.0000368
9,20,3,0.0000376
10,20,2,0.0001323
11,20,2,0.0002576
12,20,3,0.0002892
13,20,3,0.0005625
14,20,3,0.0012443
15,20,4,0.0012177
16,20,3,0.0045238
17,20,3,0.0090811
18,20,4,0.0098929
19,20,4,0.0195987
20,20,4,0.0397454
21,20,4,0.0773713
22,20,3,0.28963548
23,20,3,0.5844114
24,20,5,0.3329731
25,20,5,0.68969953
26,20,5,1.3101937
27,20,5,2.591936
28,20,5,5.3132844
29,20,5,10.735051
30,20,6,11.404654
31,20,5,42.621124
32,20,5,85.17265
1,21,1,8e-7
2,21,2,4e-7
3,21,2,0.0000013
4,21,2,0.0000024
5,21,1,0.0000083
6,21,2,0.0000089
7,21,3,0.0000354
8,21,3,0.0000193
9,21,2,0.0000672
10,21,3,0.0000731
11,21,3,0.0001428
12,21,3,0.0002849
13,21,3,0.0007064
14,21,3,0.0011299
15,21,3,0.0022546
16,21,3,0.0048651
17,21,4,0.004996
18,21,3,0.0186939
19,21,3,0.0368394
20,21,4,0.0379574
21,21,3,0.14296739
22,21,3,0.2869066
23,21,5,0.166086
24,21,4,0.6379376
25,21,4,1.259265
26,21,5,1.3254238
27,21,4,4.939532
28,21,6,2.793567
29,21,5,10.680621
30,21,5,21.710438
31,21,6,22.65485
32,21,5,83.74976
1,22,1,3e-7
2,22,1,0.0000011
3,22,1,0.0000022
4,22,2,0.0000023
5,22,2,0.0000045
6,22,2,0.0000088
7,22,3,0.0000096
8,22,2,0.0000332
9,22,3,0.0000363
10,22,3,0.0000711
11,22,3,0.0001427
12,22,3,0.0002882
13,22,3,0.0005737
14,22,3,0.0011448
15,22,3,0.0022577
16,22,4,0.002443
17,22,3,0.0090724
18,22,3,0.0181013
19,22,3,0.0349216
20,22,4,0.0385294
21,22,3,0.1445269
22,22,4,0.16168569
23,22,5,0.1685767
24,22,5,0.32834202
25,22,4,1.2372313
26,22,5,1.3212678
27,22,5,2.6779149
28,22,5,5.30614
29,22,5,10.63788
30,22,5,19.774288
31,22,5,33.298706
32,22,6,31.935226
1,23,1,6e-7
2,23,2,4e-7
3,23,1,0.0000024
4,23,2,0.0000025
5,23,2,0.0000047
6,23,2,0.0000092
7,23,2,0.0000173
8,23,3,0.0000191
9,23,3,0.0000358
10,23,3,0.0000705
11,23,3,0.0001402
12,23,3,0.000275
13,23,3,0.0005463
14,23,3,0.0010912
15,23,3,0.0021851
16,23,3,0.0045741
17,23,3,0.0091863
18,23,3,0.0185199
19,23,3,0.0378228
20,23,4,0.0391582
21,23,3,0.1469082
22,23,4,0.1601363
23,23,5,0.16686511
24,23,4,0.6283056
25,23,4,1.2301408
26,23,4,2.489472
27,23,5,2.6526806
28,23,5,5.312748
29,23,4,19.82453
30,23,6,10.2563715
31,23,6,18.509272
32,23,5,57.3463
1,24,1,4e-7
2,24,2,4e-7
3,24,2,0.0000012
4,24,2,0.0000022
5,24,2,0.0000047
6,24,2,0.0000092
7,24,3,0.0000099
8,24,2,0.0000338
9,24,4,0.0000193
10,24,3,0.0000721
11,24,3,0.000267
12,24,3,0.0002808
13,24,3,0.0005723
14,24,3,0.0011371
15,24,3,0.0023015
16,24,3,0.0045386
17,24,3,0.0091429
18,24,3,0.0393926
19,24,4,0.019832
20,24,3,0.073626
21,24,4,0.089390494
22,24,4,0.193844
23,24,4,0.3113688
24,24,4,0.63875026
25,24,5,0.65238273
26,24,4,2.5239701
27,24,5,2.6373694
28,24,5,4.969623
29,24,5,9.549756
30,24,6,9.495341
31,24,5,30.780695
32,24,5,48.479187
1,25,1,3e-7
2,25,1,8e-7
3,25,2,9e-7
4,25,2,0.0000013
5,25,2,0.0000027
6,25,2,0.0000054
7,25,3,0.0000058
8,25,2,0.000016
9,25,3,0.0000171
10,25,3,0.0000355
11,25,3,0.0000668
12,25,2,0.0002723
13,25,4,0.0001593
14,25,3,0.0005759
15,25,3,0.0014138
16,25,3,0.0031626
17,25,3,0.0067068
18,25,4,0.0071079
19,25,3,0.0270914
20,25,4,0.0288817
21,25,3,0.11117569
22,25,4,0.1220562
23,25,3,0.4764455
24,25,4,0.5175022
25,25,4,1.0877366
26,25,4,2.058884
27,25,5,2.1921034
28,25,5,4.586777
29,25,6,4.8977847
30,25,4,36.537582
31,25,5,41.466194
32,25,5,83.48614
1,26,1,2e-7
2,26,1,0.0000011
3,26,2,0.0000011
4,26,3,0.0000012
5,26,3,0.0000025
6,26,3,0.0000051
7,26,2,0.0000173
8,26,2,0.0000326
9,26,2,0.0000634
10,26,3,0.0000704
11,26,3,0.0001392
12,26,3,0.0002784
13,26,3,0.0005396
14,26,3,0.0012142
15,26,3,0.002414
16,26,3,0.0045229
17,26,3,0.0090954
18,26,3,0.0197609
19,26,3,0.0368052
20,26,3,0.0733801
21,26,4,0.0772184
22,26,3,0.28598258
23,26,4,0.3053304
24,26,4,0.6162375
25,26,4,1.2229652
26,26,5,1.3220562
27,26,5,2.722222
28,26,5,5.456749
29,26,5,10.678403
30,26,5,21.438496
31,26,6,22.625166
32,26,6,45.2294
1,27,1,3e-7
2,27,1,0.0000012
3,27,2,0.0000012
4,27,2,0.0000023
5,27,2,0.0000047
6,27,2,0.0000093
7,27,3,0.0000096
8,27,3,0.0000184
9,27,2,0.000064
10,27,2,0.0001268
11,27,3,0.0001508
12,27,3,0.0003581
13,27,3,0.0006506
14,27,3,0.0027062
15,27,3,0.0023993
16,27,3,0.0044907
17,27,4,0.0047951
18,27,4,0.0096068
19,27,3,0.0366457
20,27,3,0.0741686
21,27,3,0.1443213
22,27,4,0.1537614
23,27,4,0.3108122
24,27,4,0.6130942
25,27,5,0.6508076
26,27,4,2.477671
27,27,5,2.658665
28,27,5,5.148911
29,27,5,10.672081
30,27,5,20.655207
31,27,5,42.438362
32,27,5,84.62274
1,28,1,3e-7
2,28,2,4e-7
3,28,1,0.0000022
4,28,1,0.0000042
5,28,2,0.0000046
6,28,3,0.0000048
7,28,3,0.0000096
8,28,2,0.0000333
9,28,3,0.0000373
10,28,3,0.0000722
11,28,3,0.0003367
12,28,3,0.0002792
13,28,3,0.0005379
14,28,2,0.0022118
15,28,3,0.002466
16,28,3,0.0046559
17,28,3,0.0104567
18,28,4,0.0096833
19,28,4,0.0206369
20,28,4,0.0380874
21,28,3,0.142086
22,28,4,0.1660935
23,28,4,0.3136855
24,28,4,0.6220004
25,28,5,0.6556565
26,28,4,2.5196056
27,28,4,5.1332374
28,28,5,5.339905
29,28,5,10.632013
30,28,5,21.495975
31,28,5,41.843002
32,28,6,45.924145
1,29,1,3e-7
2,29,1,0.0000011
3,29,2,0.0000012
4,29,2,0.0000022
5,29,2,0.0000043
6,29,2,0.0000087
7,29,2,0.0000197
8,29,2,0.0000324
9,29,2,0.0000652
10,29,3,0.0000723
11,29,3,0.0001424
12,29,3,0.000495
13,29,3,0.0007222
14,29,3,0.0011488
15,29,3,0.0023598
16,29,4,0.0025177
17,29,3,0.0091449
18,29,4,0.0096101
19,29,3,0.0377728
20,29,4,0.039533
21,29,4,0.076152
22,29,4,0.15301849
23,29,5,0.16545059
24,29,4,0.625725
25,29,4,1.2319752
26,29,4,2.4313903
27,29,4,5.1566796
28,29,5,5.436852
29,29,5,10.952001
30,29,5,20.916718
31,29,5,43.031906
32,29,6,44.515938
1,30,1,3e-7
2,30,1,0.0000014
3,30,1,0.0000021
4,30,2,0.0000022
5,30,2,0.0000047
6,30,2,0.0000093
7,30,2,0.0000176
8,30,3,0.0000349
9,30,3,0.0000371
10,30,3,0.0000727
11,30,3,0.0001419
12,30,3,0.0005864
13,30,3,0.0005719
14,30,3,0.0011277
15,30,3,0.0023707
16,30,3,0.0060237
17,30,3,0.0092065
18,30,3,0.0183453
19,30,3,0.0374343
20,30,3,0.072306894
21,30,3,0.1515046
22,30,4,0.1607204
23,30,4,0.3190302
24,30,4,0.6444444
25,30,4,1.2954422
26,30,5,1.3152728
27,30,5,2.7534916
28,30,4,9.758783
29,30,5,10.783811
30,30,6,11.204072
31,30,6,22.930948
32,30,6,45.904198
1,31,1,3e-7
2,31,1,0.0000012
3,31,1,0.0000023
4,31,2,0.0000024
5,31,2,0.0000047
6,31,2,0.0000094
7,31,2,0.0000176
8,31,2,0.0012306
9,31,3,0.0000376
10,31,2,0.0001312
11,31,3,0.0001466
12,31,3,0.0002886
13,31,3,0.0013267
14,31,3,0.0011495
15,31,3,0.0037494
16,31,3,0.0048424
17,31,3,0.0116075
18,31,4,0.010212
19,31,4,0.0205068
20,31,3,0.07189009
21,31,4,0.076946
22,31,3,0.2997298
23,31,4,0.30944932
24,31,5,0.330383
25,31,4,1.2743857
26,31,5,1.3176882
27,31,4,5.003696
28,31,5,5.399429
29,31,5,10.808626
30,31,6,10.972563
31,31,6,22.52808
32,31,5,84.98665
1,32,1,3e-7
2,32,1,0.0000012
3,32,2,0.0000012
4,32,2,0.0000025
5,32,2,0.0000049
6,32,2,0.0000092
7,32,2,0.0000178
8,32,2,0.0000343
9,32,3,0.0000383
10,32,2,0.0001358
11,32,3,0.0001435
12,32,3,0.0002861
13,32,3,0.0005688
14,32,3,0.0011382
15,32,3,0.002256
16,32,4,0.0023958
17,32,4,0.0048273
18,32,3,0.0178886
19,32,3,0.036849
20,32,4,0.037967
21,32,4,0.07997809
22,32,4,0.1596366
23,32,4,0.3337911
24,32,4,0.6415909
25,32,4,1.249463
26,32,4,2.5413578
27,32,5,2.659389
28,32,6,2.7948902
29,32,5,10.706037
30,32,5,21.050161
31,32,5,42.66282
32,32,7,24.147003
1,33,1,3e-7
2,33,1,0.0000011
3,33,2,0.0000014
4,33,2,0.0000022
5,33,2,0.0000046
6,33,2,0.000009
7,33,2,0.0000169
8,33,2,0.0000332
9,33,4,0.0000198
10,33,3,0.000071
11,33,3,0.0001421
12,33,3,0.0002765
13,33,3,0.0005553
14,33,3,0.0012251
15,33,3,0.002194
16,33,3,0.00451
17,33,3,0.0089395
18,33,4,0.0099015
19,33,3,0.0368733
20,33,3,0.0732381
21,33,4,0.078091696
22,33,4,0.15366141
23,33,4,0.3096923
24,33,4,0.6350997
25,33,4,1.2358766
26,33,4,2.495178
27,33,5,2.6351805
28,33,5,5.2727985
29,33,5,10.656439
30,33,5,21.259766
31,33,6,22.292469
32,33,6,42.16751
1,34,1,3e-7
2,34,1,0.0000012
3,34,1,0.0000022
4,34,2,0.0000024
5,34,1,0.0000081
6,34,2,0.0000085
7,34,2,0.0000167
8,34,3,0.0000187
9,34,2,0.0000645
10,34,3,0.0000699
11,34,2,0.0002511
12,34,3,0.0002793
13,34,3,0.0005488
14,34,3,0.0011971
15,34,3,0.0025506
16,34,3,0.0045019
17,34,3,0.0094273
18,34,4,0.0102646
19,34,4,0.0201383
20,34,3,0.072968304
21,34,4,0.0793518
22,34,4,0.15235649
23,34,4,0.31397069
24,34,4,0.6214997
25,34,4,1.2518301
26,34,5,1.3268418
27,34,5,2.731318
28,34,5,5.3304834
29,34,5,10.743713
30,34,5,21.308493
31,34,5,42.362617
32,34,5,84.43919
1,35,1,3e-7
2,35,2,4e-7
3,35,1,0.0000023
4,35,2,0.0000024
5,35,3,0.0000026
6,35,2,0.0000091
7,35,2,0.0000175
8,35,3,0.0000195
9,35,4,0.0000206
10,35,3,0.0000733
11,35,2,0.0002582
12,35,3,0.0002892
13,35,3,0.0005781
14,35,3,0.0011271
15,35,3,0.0024549
16,35,3,0.0060839
17,35,3,0.0095721
18,35,4,0.0106408
19,35,4,0.0196068
20,35,3,0.074966095
21,35,4,0.0748732
22,35,4,0.153008
23,35,4,0.33514118
24,35,5,0.3303204
25,35,4,1.2368431
26,35,4,2.5427332
27,35,5,2.7716808
28,35,5,5.379574
29,35,6,5.7147546
30,35,6,11.391181
31,35,5,37.846394
32,35,5,55.3028
1,36,1,3e-7
2,36,2,2e-7
3,36,2,9e-7
4,36,1,0.0000034
5,36,2,0.0000043
6,36,3,0.0000047
7,36,3,0.0000083
8,36,3,0.0000184
9,36,2,0.0000656
10,36,2,0.0001282
11,36,3,0.0001412
12,36,4,0.0001538
13,36,2,0.0010433
14,36,3,0.0011205
15,36,3,0.0022626
16,36,4,0.0024104
17,36,3,0.0090419
18,36,3,0.0410597
19,36,3,0.0360561
20,36,4,0.0398982
21,36,4,0.0771566
22,36,4,0.1533569
23,36,4,0.3067401
24,36,4,0.62188625
25,36,4,1.225105
26,36,5,1.3340724
27,36,5,2.639154
28,36,5,5.34146
29,36,5,10.527508
30,36,6,11.452754
31,36,6,20.279356
32,36,5,59.348976
1,37,1,3e-7
2,37,2,3e-7
3,37,1,0.0000014
4,37,2,0.0000013
5,37,2,0.0000022
6,37,3,0.0000025
7,37,3,0.0000046
8,37,3,0.0000109
9,37,3,0.000021
10,37,3,0.0000352
11,37,3,0.0000696
12,37,4,0.0000869
13,37,3,0.0004202
14,37,3,0.0006145
15,37,3,0.0016629
16,37,3,0.003479
17,37,4,0.0035314
18,37,3,0.0137279
19,37,4,0.0144716
20,37,3,0.05491
21,37,3,0.1116435
22,37,3,0.2344263
23,37,4,0.2478808
24,37,4,0.4951848
25,37,4,1.0345862
26,37,5,1.0887182
27,37,5,2.19534
28,37,5,4.4759264
29,37,5,9.217184
30,37,5,18.5846
31,37,5,41.156925
32,37,5,82.853775
1,38,1,3e-7
2,38,1,0.0000011
3,38,1,0.0000024
4,38,2,0.0000023
5,38,2,0.0000043
6,38,2,0.0000094
7,38,2,0.0000173
8,38,3,0.0000184
9,38,3,0.0000363
10,38,3,0.0000714
11,38,3,0.0001389
12,38,3,0.0002783
13,38,3,0.0005486
14,38,3,0.0011056
15,38,3,0.0022795
16,38,3,0.0045901
17,38,3,0.0092972
18,38,3,0.0182655
19,38,4,0.0192215
20,38,3,0.0725754
21,38,3,0.1428736
22,38,4,0.1555652
23,38,4,0.3029192
24,38,5,0.329065
25,38,4,1.2134871
26,38,5,1.3090858
27,38,4,4.935589
28,38,5,5.357202
29,38,5,10.453489
30,38,6,11.115133
31,38,6,22.05879
32,38,5,85.05618
1,39,1,3e-7
2,39,1,0.0000012
3,39,1,0.0000022
4,39,2,0.0000024
5,39,3,0.0000023
6,39,3,0.000005
7,39,2,0.0000177
8,39,2,0.0000344
9,39,2,0.0000666
10,39,2,0.0001316
11,39,3,0.000143
12,39,3,0.0002807
13,39,3,0.0005711
14,39,3,0.0011403
15,39,4,0.0013363
16,39,3,0.004611
17,39,4,0.0050498
18,39,3,0.0183846
19,39,4,0.0198425
20,39,4,0.0395642
21,39,4,0.0770907
22,39,4,0.1540021
23,39,4,0.3084414
24,39,4,0.6365314
25,39,4,1.2369998
26,39,4,2.5074105
27,39,5,2.6576416
28,39,5,5.3655357
29,39,6,5.5341525
30,39,5,21.354637
31,39,6,22.125431
32,39,6,44.355408
1,40,1,3e-7
2,40,2,3e-7
3,40,2,0.0000012
4,40,2,0.0000025
5,40,2,0.0000047
6,40,2,0.0000088
7,40,3,0.0000098
8,40,2,0.0000334
9,40,3,0.0000365
10,40,2,0.000121
11,40,2,0.0002528
12,40,2,0.0005002
13,40,3,0.0005505
14,40,3,0.0012058
15,40,3,0.0022958
16,40,3,0.0046148
17,40,3,0.008815
18,40,3,0.0180257
19,40,4,0.0190474
20,40,3,0.0703028
21,40,3,0.1421307
22,40,3,0.285972
23,40,4,0.3019107
24,40,4,0.60208786
25,40,5,0.6499653
26,40,4,2.4170747
27,40,5,2.5619738
28,40,5,5.206894
29,40,5,10.367853
30,40,5,20.62329
31,40,6,22.306019
32,40,6,44.261105
1,41,1,4e-7
2,41,1,0.0000012
3,41,1,0.0000024
4,41,2,0.0000024
5,41,2,0.0000046
6,41,3,0.0000048
7,41,2,0.0000181
8,41,2,0.0000348
9,41,2,0.0002393
10,41,2,0.000127
11,41,3,0.0001512
12,41,4,0.0001487
13,41,3,0.000561
14,41,3,0.0011377
15,41,3,0.002191
16,41,4,0.0024049
17,41,4,0.0052674
18,41,4,0.0136679
19,41,3,0.0358552
20,41,4,0.0386535
21,41,5,0.0411468
22,41,3,0.2847679
23,41,4,0.3016462
24,41,5,0.3338414
25,41,4,1.2250925
26,41,5,1.3003129
27,41,5,2.632743
28,41,5,5.3049645
29,41,5,10.55498
30,41,6,11.244423
31,41,6,22.049507
32,41,6,44.455067
1,42,1,3e-7
2,42,1,0.0000017
3,42,2,0.0000012
4,42,2,0.0000025
5,42,2,0.0000043
6,42,2,0.0000087
7,42,2,0.000018
8,42,2,0.0000484
9,42,4,0.0000197
10,42,3,0.0000714
11,42,3,0.0001443
12,42,4,0.0001543
13,42,3,0.0005681
14,42,3,0.0011383
15,42,4,0.0012167
16,42,3,0.0046475
17,42,3,0.0091877
18,42,4,0.009865
19,42,4,0.01971
20,42,4,0.0381439
21,42,4,0.0754344
22,42,4,0.1524667
23,42,4,0.3044336
24,42,4,0.611256
25,42,5,0.6526581
26,42,4,2.4421299
27,42,4,5.0332546
28,42,5,5.1837344
29,42,5,10.489425
30,42,6,11.065892
31,42,5,42.28759
32,42,6,43.739143
1,43,1,2e-7
2,43,1,0.0000011
3,43,2,0.0000012
4,43,2,0.0000022
5,43,2,0.0000046
6,43,2,0.0000088
7,43,3,0.0000099
8,43,4,0.0000102
9,43,3,0.0000367
10,43,3,0.0000743
11,43,2,0.0002538
12,43,3,0.0002766
13,43,3,0.0005548
14,43,3,0.0010907
15,43,3,0.0023077
16,43,4,0.0025349
17,43,4,0.0047029
18,43,3,0.0178773
19,43,3,0.0439867
20,43,3,0.072061
21,43,3,0.139115
22,43,3,0.28301403
23,43,4,0.3020927
24,43,4,0.5990737
25,43,4,1.2154058
26,43,4,2.427612
27,43,5,2.7337198
28,43,5,5.1647086
29,43,5,10.27017
30,43,6,10.916741
31,43,6,22.044724
32,43,5,84.2898
1,44,1,4e-7
2,44,2,3e-7
3,44,2,0.0000012
4,44,2,0.0000024
5,44,3,0.0000025
6,44,2,0.0000092
7,44,3,0.0000098
8,44,3,0.0000191
9,44,2,0.0000666
10,44,3,0.0000742
11,44,3,0.0001446
12,44,3,0.0002845
13,44,3,0.000574
14,44,3,0.0011354
15,44,3,0.0023718
16,44,3,0.0047068
17,44,3,0.0092979
18,44,3,0.0183371
19,44,4,0.0190939
20,44,3,0.0710649
21,44,4,0.0782015
22,44,3,0.2896244
23,44,4,0.30291387
24,44,4,0.630985
25,44,6,0.3685952
26,44,5,1.3335836
27,44,4,4.8478255
28,44,5,5.4044805
29,44,5,10.594761
30,44,5,20.599693
31,44,5,42.254066
32,44,4,158.41711
1,45,1,2e-7
2,45,1,0.0000012
3,45,1,0.0000021
4,45,1,0.0000042
5,45,2,0.0000044
6,45,2,0.0000092
7,45,2,0.0000175
8,45,2,0.000034
9,45,2,0.0000665
10,45,3,0.0000726
11,45,3,0.0001424
12,45,3,0.0002949
13,45,3,0.0006601
14,45,3,0.0011434
15,45,3,0.0024264
16,45,3,0.0045366
17,45,3,0.0090884
18,45,3,0.0187444
19,45,4,0.0195507
20,45,3,0.071849905
21,45,3,0.14313981
22,45,5,0.0807335
23,45,3,0.5944636
24,45,4,0.62556815
25,45,4,1.223704
26,45,5,1.3145758
27,45,5,2.7266123
28,45,5,5.227698
29,45,5,10.360379
30,45,5,20.92559
31,45,5,41.665096
32,45,6,44.474686
1,46,1,4e-7
2,46,1,0.0000012
3,46,1,0.0000022
4,46,2,0.0000025
5,46,2,0.0000047
6,46,2,0.0000091
7,46,2,0.0000172
8,46,3,0.0000194
9,46,3,0.0000372
10,46,3,0.0000762
11,46,3,0.0001453
12,46,3,0.0002867
13,46,3,0.0006173
14,46,3,0.0011351
15,46,4,0.0012275
16,46,3,0.0045847
17,46,4,0.0075563
18,46,3,0.0184024
19,46,4,0.0194255
20,46,3,0.070475
21,46,3,0.1434552
22,46,4,0.1632005
23,46,5,0.1627295
24,46,4,0.6165948
25,46,4,1.2140234
26,46,4,2.4741592
27,46,6,1.4096737
28,46,5,5.191089
29,46,5,10.425995
30,46,5,21.659222
31,46,6,22.061327
32,46,6,44.33793
1,47,1,4e-7
2,47,1,0.0000011
3,47,2,0.0000013
4,47,2,0.0000024
5,47,1,0.0000079
6,47,2,0.0000091
7,47,2,0.0000179
8,47,3,0.0000187
9,47,3,0.0000364
10,47,2,0.000128
11,47,3,0.0001426
12,47,4,0.0001495
13,47,3,0.0006023
14,47,3,0.0011401
15,47,4,0.0012135
16,47,3,0.0046361
17,47,4,0.0068527
18,47,4,0.0097557
19,47,4,0.0193105
20,47,3,0.0778633
21,47,4,0.0769341
22,47,4,0.15231049
23,47,4,0.3066534
24,47,4,0.6205175
25,47,4,1.2151024
26,47,4,2.4476426
27,47,5,2.6338925
28,47,5,5.295161
29,47,6,5.597954
30,47,5,20.922018
31,47,6,22.461092
32,47,5,83.688644
1,48,1,3e-7
2,48,1,0.0000011
3,48,1,0.0000022
4,48,2,0.0000023
5,48,2,0.0000046
6,48,2,0.0000088
7,48,3,0.0000095
8,48,3,0.0000184
9,48,3,0.0000361
10,48,3,0.0000707
11,48,3,0.0001379
12,48,3,0.0002749
13,48,3,0.0006433
14,48,3,0.0011048
15,48,3,0.0024196
16,48,3,0.0045403
17,48,4,0.004908
18,48,3,0.0183809
19,48,4,0.0190034
20,48,3,0.0721404
21,48,4,0.0765864
22,48,4,0.1520134
23,48,4,0.31231308
24,48,4,0.62402636
25,48,4,1.2311575
26,48,5,1.3128368
27,48,5,2.5854273
28,48,5,5.2513947
29,48,6,5.5124736
30,48,6,11.274373
31,48,5,42.24639
32,48,7,24.141329
1,49,1,2e-7
2,49,2,2e-7
3,49,2,0.000001
4,49,2,0.0000021
5,49,2,0.0000044
6,49,2,0.0000084
7,49,3,0.000009
8,49,2,0.0000338
9,49,2,0.0000633
10,49,2,0.0001326
11,49,2,0.0002578
12,49,3,0.0002847
13,49,3,0.0005319
14,49,4,0.0006098
15,49,3,0.0022824
16,49,4,0.0024465
17,49,4,0.0048538
18,49,4,0.0101795
19,49,3,0.0393813
20,49,3,0.07300089
21,49,3,0.1425111
22,49,4,0.1567955
23,49,4,0.3202632
24,49,3,1.1937279
25,49,5,0.6526346
26,49,4,2.5128188
27,49,5,2.605156
28,49,5,5.283274
29,49,5,10.59721
30,49,5,21.230402
31,49,6,22.607775
32,49,6,45.161297
1,50,1,4e-7
2,50,1,0.000001
3,50,1,0.0000014
4,50,2,0.0000017
5,50,2,0.0000027
6,50,2,0.0000051
7,50,2,0.0000084
8,50,2,0.0000157
9,50,2,0.000031
10,50,2,0.0000622
11,50,3,0.0000829
12,50,3,0.0001324
13,50,2,0.0005408
14,50,3,0.0006145
15,50,4,0.0008753
16,50,3,0.0032582
17,50,3,0.0067321
18,50,4,0.0071811
19,50,3,0.0267935
20,50,4,0.0285965
21,50,3,0.1107073
22,50,4,0.1216
23,50,4,0.248934
24,50,4,0.5062822
25,50,5,0.5448541
26,50,4,2.0613976
27,50,4,4.182124
28,50,5,4.7653055
29,50,5,9.227343
30,50,6,9.990563
31,50,6,21.5935
32,50,6,43.276775
1,51,1,2e-7
2,51,2,3e-7
3,51,2,8e-7
4,51,1,0.0000024
5,51,2,0.0000026
6,51,2,0.0000039
7,51,2,0.0000084
8,51,2,0.0000166
9,51,3,0.0000175
10,51,3,0.0000334
11,51,3,0.0000859
12,51,3,0.0001456
13,51,3,0.0003173
14,51,3,0.0008333
15,51,3,0.0015065
16,51,3,0.003053
17,51,4,0.0049053
18,51,4,0.0074851
19,51,4,0.0148941
20,51,4,0.0296195
21,51,4,0.057688
22,51,4,0.1193056
23,51,4,0.2553891
24,51,4,0.5120551
25,51,4,1.0275942
26,51,4,2.084041
27,51,5,2.1622453
28,51,5,4.5014267
29,51,5,9.282274
30,51,5,18.831554
31,51,6,21.79344
32,51,6,43.17186
1,52,1,4e-7
2,52,2,4e-7
3,52,1,0.0000022
4,52,2,0.0000024
5,52,2,0.0000042
6,52,3,0.0000045
7,52,2,0.0000163
8,52,2,0.0000319
9,52,3,0.0000566
10,52,3,0.0000691
11,52,3,0.0001391
12,52,3,0.0002678
13,52,3,0.0007263
14,52,3,0.0011219
15,52,3,0.0022107
16,52,3,0.0045453
17,52,4,0.0046544
18,52,3,0.0174838
19,52,3,0.0353692
20,52,3,0.0760861
21,52,4,0.07576191
22,52,4,0.15156649
23,52,4,0.2973207
24,52,4,0.61267024
25,52,4,1.2123835
26,52,5,1.273694
27,52,5,2.5513954
28,52,5,5.1661453
29,52,5,10.334627
30,52,6,10.880079
31,52,6,22.03384
32,52,6,44.153763
1,53,1,3e-7
2,53,1,9e-7
3,53,1,0.0000012
4,53,2,0.0000013
5,53,2,0.0000024
6,53,2,0.000005
7,53,3,0.0000047
8,53,3,0.0000109
9,53,2,0.0000351
10,53,3,0.0000341
11,53,3,0.0000662
12,53,3,0.0001488
13,53,3,0.0002881
14,53,4,0.0002878
15,53,4,0.0006233
16,53,4,0.0017978
17,53,4,0.0030009
18,53,4,0.0067311
19,53,4,0.0141323
20,53,4,0.0289162
21,53,3,0.109794304
22,53,4,0.1208928
23,53,3,0.4803055
24,53,4,0.5108529
25,53,4,1.0237616
26,53,4,2.0814276
27,53,5,2.231248
28,53,5,4.552732
29,53,5,9.322236
30,53,6,9.982124
31,53,5,41.65823
32,53,6,43.871998
1,54,1,3e-7
2,54,2,3e-7
3,54,2,0.0000012
4,54,1,0.0000045
5,54,2,0.0000047
6,54,3,0.000005
7,54,3,0.0000095
8,54,3,0.0000183
9,54,3,0.0000343
10,54,3,0.000069
11,54,3,0.0001324
12,54,3,0.0002691
13,54,3,0.000538
14,54,3,0.0011504
15,54,4,0.0012
16,54,4,0.0023789
17,54,3,0.0092294
18,54,3,0.0175039
19,54,3,0.0347666
20,54,3,0.06866351
21,54,4,0.0783008
22,54,4,0.1583627
23,54,4,0.2953766
24,54,4,0.5950021
25,54,4,1.1955354
26,54,5,1.3195117
27,54,5,2.5654416
28,54,6,2.7949793
29,54,6,5.437049
30,54,5,20.598993
31,54,6,21.697561
32,54,6,43.90296
1,55,1,3e-7
2,55,2,3e-7
3,55,2,0.0000012
4,55,2,0.0000024
5,55,2,0.0000046
6,55,2,0.0000092
7,55,2,0.0000175
8,55,3,0.0000188
9,55,3,0.0001251
10,55,3,0.0000731
11,55,3,0.0001426
12,55,4,0.0001528
13,55,3,0.0006468
14,55,3,0.0011772
15,55,3,0.0023563
16,55,3,0.0047277
17,55,4,0.0049115
18,55,3,0.0184306
19,55,4,0.0196275
20,55,3,0.07140031
21,55,3,0.1426428
22,55,4,0.1544981
23,55,4,0.3164281
24,55,4,0.60786915
25,55,5,0.67111343
26,55,5,1.3439821
27,55,5,2.6260161
28,55,5,5.232251
29,55,6,5.5123005
30,55,7,5.828585
31,55,5,41.329224
32,55,6,44.34025
1,56,1,0.0000069
2,56,1,0.0000011
3,56,1,0.0000014
4,56,2,0.0000013
5,56,2,0.0000023
6,56,2,0.0000042
7,56,2,0.0000081
8,56,2,0.0000157
9,56,3,0.0000209
10,56,3,0.000053
11,56,2,0.0001258
12,56,3,0.0001483
13,56,3,0.0002957
14,56,3,0.0006484
15,56,4,0.0007299
16,56,3,0.0033141
17,56,3,0.0067093
18,56,4,0.0071171
19,56,4,0.0143676
20,56,3,0.0532838
21,56,4,0.0585923
22,56,4,0.1218807
23,56,3,0.4655446
24,56,4,0.5036663
25,56,5,0.5470475
26,56,5,1.0948057
27,56,5,2.2264996
28,56,5,4.5136
29,56,6,4.8652477
30,56,5,18.799719
31,56,5,41.344337
32,56,6,43.896835
1,57,1,3e-7
2,57,1,8e-7
3,57,1,0.0000014
4,57,1,0.0000028
5,57,3,0.0000014
6,57,2,0.0000045
7,57,2,0.0000086
8,57,2,0.0000156
9,57,3,0.0000196
10,57,2,0.0000659
11,57,3,0.0000743
12,57,3,0.0001714
13,57,3,0.0003586
14,57,3,0.0007527
15,57,3,0.0016323
16,57,3,0.003131
17,57,3,0.0066482
18,57,3,0.0135153
19,57,4,0.0143455
20,57,4,0.0289492
21,57,4,0.0557108
22,57,4,0.1213176
23,57,4,0.2469915
24,57,4,0.5177292
25,57,4,1.0271106
26,57,4,2.0649936
27,57,5,2.1672812
28,57,5,4.5858274
29,57,5,9.228079
30,57,5,18.793434
31,57,6,21.61319
32,57,6,43.27985
1,58,1,2e-7
2,58,1,0.0000011
3,58,1,0.0000016
4,58,1,0.0000041
5,58,2,0.0000038
6,58,2,0.0000087
7,58,2,0.0000171
8,58,2,0.0000327
9,58,2,0.0000599
10,58,2,0.0001218
11,58,3,0.0001371
12,58,4,0.0001854
13,58,3,0.000541
14,58,4,0.0005822
15,58,3,0.0021807
16,58,3,0.004357
17,58,4,0.0043041
18,58,3,0.017567
19,58,3,0.0354872
20,58,4,0.0367877
21,58,3,0.1413268
22,58,3,0.2889589
23,58,4,0.3013627
24,58,4,0.6083043
25,58,4,1.2094338
26,58,6,0.67947966
27,58,4,4.9062624
28,58,5,5.1723094
29,58,5,10.543282
30,58,5,20.952957
31,58,6,21.973885
32,58,6,44.74655
1,59,1,3e-7
2,59,1,8e-7
3,59,1,0.0000015
4,59,3,0.000001
5,59,2,0.0000034
6,59,2,0.0000043
7,59,2,0.0000083
8,59,2,0.0000191
9,59,3,0.0000177
10,59,3,0.0000338
11,59,3,0.0000804
12,59,3,0.0001564
13,59,3,0.0003627
14,59,3,0.0006009
15,59,3,0.0016943
16,59,3,0.0033607
17,59,3,0.0067037
18,59,3,0.0134793
19,59,3,0.0269192
20,59,3,0.0540166
21,59,3,0.118197
22,59,4,0.1228977
23,59,4,0.2605539
24,59,4,0.5066117
25,59,4,1.0527325
26,59,5,1.1180412
27,59,4,4.143046
28,59,5,4.596602
29,59,5,9.307431
30,59,5,18.846397
31,59,7,12.168436
32,59,7,22.752647
1,60,1,3e-7
2,60,1,6e-7
3,60,1,0.0000018
4,60,2,0.0000015
5,60,2,0.0000029
6,60,3,0.0000031
7,60,3,0.000006
8,60,2,0.0000249
9,60,3,0.0000267
10,60,3,0.0000337
11,60,4,0.0000413
12,60,3,0.0002045
13,60,4,0.0002231
14,60,3,0.0008363
15,60,3,0.0016834
16,60,4,0.0017007
17,60,3,0.0069803
18,60,4,0.0076137
19,60,4,0.0147298
20,60,3,0.0541334
21,60,4,0.0594476
22,60,4,0.1216915
23,60,4,0.2580868
24,60,4,0.4967255
25,60,4,1.0385588
26,60,5,1.1027834
27,60,5,2.2089276
28,60,5,4.5068235
29,60,5,9.1323395
30,60,5,19.19616
31,60,5,40.43066
32,60,6,43.298405
1,61,1,3e-7
2,61,1,0.0000011
3,61,2,0.0000012
4,61,2,0.0000025
5,61,2,0.0000047
6,61,2,0.0000086
7,61,2,0.0000172
8,61,3,0.0000188
9,61,3,0.0000356
10,61,2,0.0001279
11,61,2,0.0002541
12,61,2,0.0005063
13,61,3,0.0005359
14,61,3,0.001102
15,61,3,0.0022863
16,61,3,0.0045036
17,61,3,0.008897
18,61,3,0.017982
19,61,3,0.0351772
20,61,4,0.0386409
21,61,3,0.14517699
22,61,4,0.1515094
23,61,4,0.3033183
24,61,5,0.3162097
25,61,5,0.6514436
26,61,5,1.2889841
27,61,5,2.582646
28,61,4,9.516379
29,61,5,10.597754
30,61,6,11.036062
31,61,6,22.10932
32,61,6,44.60672
1,62,1,3e-7
2,62,1,7e-7
3,62,2,7e-7
4,62,2,0.0000019
5,62,2,0.0000023
6,62,2,0.0000042
7,62,3,0.0000057
8,62,3,0.0000087
9,62,2,0.0000307
10,62,3,0.0000511
11,62,3,0.0000966
12,62,3,0.0002092
13,62,3,0.0004185
14,62,3,0.0008389
15,62,3,0.0016213
16,62,3,0.0034257
17,62,3,0.0067908
18,62,3,0.0137433
19,62,4,0.0146434
20,62,4,0.0287372
21,62,4,0.0576028
22,62,3,0.23540391
23,62,4,0.2675038
24,62,5,0.26961422
25,62,4,1.0142972
26,62,4,2.0548015
27,62,5,2.208435
28,62,5,4.4940844
29,62,5,9.443184
30,62,5,19.285433
31,62,6,21.684149
32,62,6,43.48004
1,63,1,4e-7
2,63,1,0.0000011
3,63,2,0.0000011
4,63,2,0.0000023
5,63,2,0.0000044
6,63,2,0.0000091
7,63,2,0.0000167
8,63,2,0.000033
9,63,4,0.0000192
10,63,2,0.0001288
11,63,3,0.0001383
12,63,3,0.0002744
13,63,3,0.0005637
14,63,3,0.0012259
15,63,3,0.0023344
16,63,3,0.0044963
17,63,4,0.0048673
18,63,3,0.0182834
19,63,4,0.019384
20,63,3,0.0708752
21,63,3,0.1398713
22,63,4,0.1492849
23,63,4,0.30071148
24,63,4,0.6245959
25,63,4,1.2045724
26,63,5,1.2998652
27,63,5,2.5975285
28,63,6,2.7931404
29,63,5,10.434132
30,63,5,20.641155
31,63,6,22.034718
32,63,5,83.67417
1,64,1,3e-7
2,64,1,0.0000011
3,64,1,0.0000023
4,64,1,0.0000042
5,64,2,0.0000046
6,64,2,0.0000092
7,64,2,0.0000169
8,64,3,0.0000187
9,64,2,0.0000652
10,64,3,0.0000739
11,64,3,0.000139
12,64,3,0.0002759
13,64,2,0.0010005
14,64,3,0.0010989
15,64,3,0.0024131
16,64,3,0.004402
17,64,3,0.0238184
18,64,3,0.0180518
19,64,4,0.0202917
20,64,4,0.0450429
21,64,3,0.1411736
22,64,5,0.0847578
23,64,4,0.3038375
24,64,4,0.65233
25,64,5,0.6564803
26,64,5,1.349188
27,64,4,5.022162
28,64,5,5.382749
29,64,5,10.705407
30,64,5,21.418463
31,64,5,42.76529
32,64,6,44.99704
1,65,1,4e-7
2,65,1,0.0000011
3,65,2,0.0000012
4,65,2,0.0000022
5,65,2,0.0000047
6,65,2,0.0000091
7,65,2,0.0000319
8,65,3,0.0000191
9,65,3,0.0000376
10,65,3,0.000074
11,65,3,0.0001449
12,65,3,0.0002859
13,65,4,0.0002982
14,65,4,0.0006083
15,65,3,0.0036295
16,65,3,0.0046491
17,65,3,0.009565
18,65,4,0.0099246
19,65,3,0.0366673
20,65,4,0.0380747
21,65,3,0.1467164
22,65,4,0.1537793
23,65,4,0.31345868
24,65,3,1.1905245
25,65,4,1.2388842
26,65,5,1.3264481
27,65,4,4.846123
28,65,5,5.307961
29,65,5,10.611113
30,65,6,11.196962
31,65,5,42.946827
32,65,5,93.75137
1,66,1,3e-7
2,66,1,0.0000011
3,66,2,0.0000011
4,66,2,0.0000141
5,66,2,0.0000045
6,66,2,0.0000085
7,66,3,0.0000091
8,66,2,0.0000343
9,66,3,0.0000373
10,66,2,0.0001314
11,66,3,0.0001437
12,66,3,0.0002867
13,66,3,0.0005663
14,66,3,0.0011437
15,66,3,0.0023011
16,66,3,0.0047505
17,66,4,0.0049732
18,66,3,0.0200926
19,66,3,0.0383668
20,66,4,0.0386895
21,66,3,0.1425058
22,66,4,0.1517372
23,66,4,0.31571323
24,66,4,0.6136412
25,66,6,0.3548912
26,66,5,1.3132678
27,66,5,2.6287832
28,66,5,5.3199925
29,66,5,10.5909195
30,66,5,21.4115
31,66,6,22.64635
32,66,5,85.58866
1,67,1,3e-7
2,67,2,3e-7
3,67,1,0.0000023
4,67,2,0.0000023
5,67,1,0.0000082
6,67,2,0.0000091
7,67,2,0.000018
8,67,2,0.0000336
9,67,3,0.0001167
10,67,2,0.0001302
11,67,3,0.0001474
12,67,2,0.0005209
13,67,3,0.0005718
14,67,3,0.0011321
15,67,3,0.0022927
16,67,3,0.0065538
17,67,3,0.0112544
18,67,3,0.0202438
19,67,3,0.0370403
20,67,3,0.0739558
21,67,4,0.076475106
22,67,5,0.0853779
23,67,4,0.30861157
24,67,4,0.6301642
25,67,4,1.2325935
26,67,4,2.5249429
27,67,5,2.6632237
28,67,5,5.4173656
29,67,5,10.741124
30,67,5,21.368036
31,67,5,43.041225
32,67,6,44.82749
1,68,1,3e-7
2,68,1,0.0000011
3,68,2,0.0000011
4,68,1,0.0000043
5,68,2,0.0000048
6,68,1,0.0000163
7,68,3,0.0000102
8,68,2,0.0000341
9,68,2,0.0000663
10,68,3,0.0000718
11,68,3,0.0001419
12,68,3,0.0002837
13,68,3,0.0006521
14,68,3,0.0011678
15,68,3,0.0022408
16,68,3,0.0046904
17,68,3,0.0115511
18,68,3,0.0186227
19,68,3,0.0364371
20,68,4,0.0383149
21,68,3,0.14514871
22,68,4,0.15160729
23,68,4,0.3056891
24,68,4,0.6360912
25,68,5,0.6526859
26,68,4,2.468179
27,68,4,5.0388565
28,68,6,2.832531
29,68,5,10.610873
30,68,6,11.135029
31,68,5,42.132996
32,68,6,44.593887
1,69,1,2e-7
2,69,1,0.0000011
3,69,2,0.0000011
4,69,2,0.0000024
5,69,2,0.0000047
6,69,2,0.0000091
7,69,3,0.0000101
8,69,2,0.000034
9,69,3,0.0000373
10,69,2,0.0001325
11,69,2,0.0002619
12,69,3,0.000284
13,69,4,0.0003043
14,69,3,0.0024763
15,69,3,0.0025673
16,69,4,0.0024098
17,69,3,0.0090382
18,69,3,0.0195153
19,69,3,0.0371495
20,69,3,0.0701327
21,69,4,0.0781764
22,69,4,0.1584968
23,69,3,0.58763576
24,69,5,0.3419646
25,69,4,1.2410145
26,69,4,2.5164285
27,69,5,2.671948
28,69,5,5.3044367
29,69,5,10.572124
30,69,5,21.394655
31,69,5,42.658714
32,69,6,45.23337
1,70,1,3e-7
2,70,1,0.0000011
3,70,1,0.0000023
4,70,2,0.0000024
5,70,2,0.0000048
6,70,2,0.0000094
7,70,3,0.0000102
8,70,2,0.0000343
9,70,2,0.0000665
10,70,3,0.0000736
11,70,3,0.0001426
12,70,3,0.0002877
13,70,4,0.0003037
14,70,3,0.0011347
15,70,3,0.0025076
16,70,3,0.0045752
17,70,4,0.0049652
18,70,5,0.0050566
19,70,3,0.0357363
20,70,4,0.0388034
21,70,4,0.0779114
22,70,4,0.15787311
23,70,4,0.3336085
24,70,4,0.6269961
25,70,4,1.2263854
26,70,4,2.4604409
27,70,6,1.3674827
28,70,5,5.3743043
29,70,5,10.492329
30,70,5,21.441422
31,70,5,42.154152
32,70,5,85.67815
1,71,1,3e-7
2,71,1,0.0000012
3,71,1,0.0000022
4,71,1,0.0000044
5,71,2,0.0000046
6,71,2,0.0000092
7,71,2,0.000018
8,71,2,0.0000343
9,71,3,0.0000367
10,71,3,0.0000726
11,71,4,0.0000767
12,71,3,0.0002851
13,71,5,0.0001616
14,71,3,0.0011389
15,71,3,0.0023539
16,71,3,0.0045484
17,71,3,0.0091574
18,71,4,0.0098662
19,71,3,0.0370623
20,71,4,0.0408202
21,71,4,0.0772842
22,71,4,0.1602224
23,71,4,0.32665548
24,71,5,0.330625
25,71,4,1.2636386
26,71,5,1.3370119
27,71,4,4.9585094
28,71,4,10.025043
29,71,5,10.649683
30,71,6,11.393443
31,71,5,42.131798
32,71,6,44.29774
1,72,1,3e-7
2,72,1,0.0000012
3,72,2,0.0000012
4,72,2,0.0000024
5,72,3,0.0000025
6,72,2,0.000009
7,72,2,0.0000175
8,72,2,0.0000345
9,72,3,0.0000374
10,72,2,0.0001317
11,72,2,0.0002619
12,72,3,0.000288
13,72,3,0.0005834
14,72,3,0.0011365
15,72,3,0.0024829
16,72,4,0.0024343
17,72,4,0.0053159
18,72,4,0.0103588
19,72,4,0.0195088
20,72,4,0.0391503
21,72,3,0.1466602
22,72,4,0.15910889
23,72,5,0.1636665
24,72,5,0.32378748
25,72,4,1.234986
26,72,5,1.3089385
27,72,5,2.6185038
28,72,5,5.2861004
29,72,5,10.685048
30,72,5,21.214312
31,72,6,22.370014
32,72,5,84.42164
1,73,1,3e-7
2,73,1,0.0000011
3,73,1,0.0000022
4,73,2,0.0000023
5,73,2,0.0000048
6,73,2,0.000009
7,73,2,0.0000179
8,73,2,0.0000338
9,73,2,0.0000667
10,73,3,0.0000713
11,73,3,0.0001417
12,73,3,0.000289
13,73,3,0.000574
14,73,4,0.0006134
15,73,4,0.0012247
16,73,3,0.0049948
17,73,3,0.009281
18,73,3,0.0186776
19,73,4,0.0194043
20,73,3,0.0705784
21,73,3,0.1452695
22,73,4,0.1634408
23,73,4,0.3099641
24,73,4,0.63393545
25,73,4,1.2126827
26,73,5,1.3239063
27,73,6,1.3955466
28,73,6,2.8055427
29,73,5,10.827143
30,73,6,11.030203
31,73,7,12.107179
32,73,6,45.61225
1,74,1,4e-7
2,74,1,0.0000011
3,74,2,0.0000012
4,74,1,0.0000046
5,74,2,0.0000047
6,74,3,0.0000052
7,74,3,0.0000097
8,74,3,0.0000186
9,74,3,0.0000353
10,74,2,0.0001291
11,74,2,0.0002531
12,74,3,0.0002738
13,74,3,0.0005561
14,74,3,0.0011022
15,74,3,0.0022962
16,74,4,0.0027135
17,74,3,0.0089646
18,74,4,0.0096247
19,74,3,0.0370171
20,74,4,0.0395501
21,74,4,0.0780234
22,74,4,0.156874
23,74,4,0.3083805
24,74,4,0.6096826
25,74,4,1.2294387
26,74,5,1.3391118
27,74,5,2.6875439
28,74,5,5.374962
29,74,6,5.609542
30,74,6,11.140236
31,74,6,21.972363
32,74,6,44.411484
1,75,1,3e-7
2,75,1,8e-7
3,75,2,0.000001
4,75,2,0.0000015
5,75,1,0.0000051
6,75,2,0.0000044
7,75,2,0.0000098
8,75,2,0.0000161
9,75,2,0.0000324
10,75,3,0.0000399
11,75,3,0.0000692
12,75,3,0.000142
13,75,3,0.0002841
14,75,3,0.0005973
15,75,4,0.000673
16,75,3,0.0032888
17,75,3,0.0066834
18,75,3,0.0151848
19,75,3,0.026914
20,75,4,0.0300069
21,75,4,0.0581975
22,75,4,0.1222185
23,75,4,0.2518375
24,75,5,0.2756456
25,75,4,1.0249221
26,75,5,1.0960866
27,75,4,4.178569
28,75,5,4.573893
29,75,4,17.068611
30,75,5,19.649645
31,75,6,21.739433
32,75,7,22.795547
1,76,1,2e-7
2,76,2,3e-7
3,76,1,0.0000022
4,76,2,0.0000023
5,76,2,0.0000046
6,76,2,0.000009
7,76,3,0.0000099
8,76,3,0.0000183
9,76,2,0.0000584
10,76,3,0.0000708
11,76,3,0.0001394
12,76,3,0.0002755
13,76,3,0.0005558
14,76,3,0.001171
15,76,3,0.0023215
16,76,3,0.0043633
17,76,3,0.0088356
18,76,4,0.0094329
19,76,4,0.0189466
20,76,3,0.0712298
21,76,4,0.0825098
22,76,4,0.1556368
23,76,4,0.3066179
24,76,4,0.598657
25,76,5,0.64754486
26,76,5,1.2781211
27,76,5,2.5839832
28,76,5,5.359716
29,76,5,10.427148
30,76,5,20.996367
31,76,5,42.035595
32,76,6,44.40248
1,77,1,3e-7
2,77,2,3e-7
3,77,1,0.0000023
4,77,2,0.0000024
5,77,2,0.0000047
6,77,2,0.0000092
7,77,2,0.0000176
8,77,3,0.0000191
9,77,3,0.0000379
10,77,3,0.0000722
11,77,3,0.000143
12,77,3,0.0002891
13,77,3,0.0006513
14,77,3,0.00114
15,77,3,0.0023659
16,77,4,0.0026123
17,77,4,0.005095
18,77,3,0.0184172
19,77,4,0.018959
20,77,3,0.0712388
21,77,4,0.0786764
22,77,4,0.15329619
23,77,5,0.1631316
24,77,4,0.6184849
25,77,4,1.2278811
26,77,4,2.4804893
27,77,5,2.7233245
28,77,5,5.2788095
29,77,5,10.528834
30,77,6,11.134667
31,77,6,22.32376
32,77,5,85.52369
1,78,1,2e-7
2,78,2,4e-7
3,78,1,0.0000023
4,78,2,0.0000023
5,78,2,0.0000048
6,78,2,0.0000092
7,78,2,0.0000175
8,78,2,0.000034
9,78,2,0.0000664
10,78,3,0.0000736
11,78,3,0.0001424
12,78,3,0.0003705
13,78,3,0.0006489
14,78,3,0.0012433
15,78,4,0.0012098
16,78,3,0.0045094
17,78,3,0.0093694
18,78,4,0.0100044
19,78,4,0.0197646
20,78,4,0.0392517
21,78,3,0.14612861
22,78,3,0.2897265
23,78,4,0.3095749
24,78,4,0.6166655
25,78,4,1.2274024
26,78,4,2.4762104
27,78,5,2.6612039
28,78,4,9.913304
29,78,6,5.484208
30,78,5,21.136961
31,78,5,42.657104
32,78,6,44.127136
1,79,1,3e-7
2,79,1,0.000001
3,79,1,0.0000021
4,79,2,0.0000025
5,79,2,0.0000046
6,79,2,0.0000126
7,79,3,0.0000103
8,79,3,0.0000192
9,79,2,0.0000675
10,79,3,0.0000722
11,79,3,0.0001418
12,79,3,0.0002818
13,79,4,0.0003041
14,79,3,0.0011278
15,79,3,0.0022547
16,79,3,0.0055088
17,79,3,0.0091346
18,79,3,0.0179434
19,79,3,0.0358223
20,79,3,0.0708419
21,79,4,0.07682551
22,79,4,0.1548019
23,79,4,0.3129043
24,79,4,0.6102203
25,79,4,1.2173027
26,79,5,1.3227925
27,79,5,2.6113734
28,79,5,5.1760545
29,79,5,10.366006
30,79,5,20.533508
31,79,5,41.88175
32,79,6,45.533047
1,80,1,2e-7
2,80,1,0.0000012
3,80,2,0.0000011
4,80,2,0.0000021
5,80,2,0.0000047
6,80,2,0.0000092
7,80,2,0.0000162
8,80,2,0.0000324
9,80,2,0.000068
10,80,3,0.0000723
11,80,4,0.0001621
12,80,4,0.0001559
13,80,3,0.0005676
14,80,3,0.0012101
15,80,4,0.0012619
16,80,3,0.0051952
17,80,3,0.009198
18,80,4,0.010025
19,80,4,0.0198348
20,80,3,0.0733935
21,80,3,0.1438977
22,80,4,0.1549423
23,80,4,0.3210227
24,80,4,0.6165217
25,80,4,1.3003234
26,80,5,1.3147902
27,80,4,5.0044117
28,80,5,5.303671
29,80,5,10.634277
30,80,5,21.397331
31,80,6,22.604488
32,80,5,85.34531
1,81,1,2e-7
2,81,1,0.0000011
3,81,2,0.0000012
4,81,1,0.0000043
5,81,2,0.0000047
6,81,3,0.000005
7,81,2,0.0000177
8,81,2,0.0000346
9,81,3,0.0000369
10,81,3,0.0000728
11,81,2,0.0002615
12,81,3,0.0002921
13,81,3,0.0005674
14,81,3,0.0012706
15,81,3,0.002255
16,81,3,0.0046859
17,81,3,0.0098122
18,81,4,0.0098059
19,81,3,0.0369868
20,81,4,0.0386115
21,81,3,0.1472408
22,81,4,0.1557362
23,81,4,0.3169978
24,81,5,0.3355377
25,81,4,1.2394212
26,81,5,1.326246
27,81,4,4.950715
28,81,5,5.253339
29,81,6,5.509079
30,81,6,11.446159
31,81,5,42.29885
32,81,5,85.16258
1,82,1,3e-7
2,82,2,3e-7
3,82,2,0.0000012
4,82,2,0.0000024
5,82,2,0.0000047
6,82,2,0.0000095
7,82,2,0.0000174
8,82,3,0.0000193
9,82,3,0.0000373
10,82,2,0.0001313
11,82,3,0.0001452
12,82,3,0.0002881
13,82,3,0.0006105
14,82,3,0.0012296
15,82,3,0.0023554
16,82,3,0.0045574
17,82,3,0.0090016
18,82,3,0.0177287
19,82,3,0.036101
20,82,4,0.0383252
21,82,4,0.082315
22,82,4,0.1518893
23,82,4,0.3287754
24,82,5,0.3276999
25,82,4,1.2121925
26,82,5,1.3560755
27,82,5,2.5935264
28,82,5,5.260694
29,82,5,10.369271
30,82,5,21.356152
31,82,5,42.130337
32,82,6,45.38013
1,83,1,2e-7
2,83,1,0.0000011
3,83,2,0.0000013
4,83,2,0.0000024
5,83,2,0.0000046
6,83,3,0.0000052
7,83,3,0.0000096
8,83,3,0.0000192
9,83,3,0.0000464
10,83,2,0.0001319
11,83,2,0.0002624
12,83,2,0.000514
13,83,3,0.0005675
14,83,4,0.0006023
15,83,3,0.0023259
16,83,3,0.0046123
17,83,4,0.0049778
18,83,4,0.0103144
19,83,3,0.0373908
20,83,4,0.0390551
21,83,3,0.1491247
22,83,4,0.1558618
23,83,4,0.31771332
24,83,4,0.6321837
25,83,4,1.2553732
26,83,4,2.5106452
27,83,4,5.036617
28,83,5,5.448784
29,83,5,10.585993
30,83,5,21.306414
31,83,5,42.38304
32,83,6,44.79382
1,84,1,3e-7
2,84,2,4e-7
3,84,1,0.0000022
4,84,3,0.0000013
5,84,2,0.0000047
6,84,2,0.0000093
7,84,2,0.0000173
8,84,2,0.0000344
9,84,3,0.000037
10,84,2,0.0001319
11,84,3,0.0001434
12,84,3,0.0002862
13,84,3,0.0006458
14,84,3,0.0011363
15,84,3,0.0023313
16,84,3,0.004777
17,84,3,0.0096265
18,84,3,0.0196169
19,84,4,0.0195862
20,84,4,0.0401159
21,84,4,0.0775093
22,84,3,0.3092336
23,84,4,0.3110637
24,84,3,1.1698567
25,84,5,0.6738568
26,84,4,2.5220287
27,84,5,2.6724029
28,84,5,5.4148593
29,84,5,10.68825
30,84,6,11.203609
31,84,6,22.63671
32,84,6,44.952316
1,85,1,3e-7
2,85,1,0.0000011
3,85,2,0.0000012
4,85,2,0.0000025
5,85,2,0.0000046
6,85,2,0.0000093
7,85,3,0.00001
8,85,3,0.0000195
9,85,3,0.0000378
10,85,2,0.0001319
11,85,3,0.0001433
12,85,3,0.0002834
13,85,3,0.0005703
14,85,4,0.0006136
15,85,3,0.0022712
16,85,3,0.0050346
17,85,3,0.0092495
18,85,3,0.0190853
19,85,4,0.0196571
20,85,4,0.0378543
21,85,4,0.0785808
22,85,4,0.1575756
23,85,5,0.1619742
24,85,4,0.6433576
25,85,4,1.2427214
26,85,5,1.3157725
27,85,4,5.045555
28,85,5,5.2119007
29,85,6,5.624607
30,85,5,21.664787
31,85,5,42.16488
32,85,6,45.3919
1,86,1,2e-7
2,86,1,0.0000011
3,86,1,0.0000024
4,86,2,0.0000025
5,86,2,0.0000048
6,86,3,0.0000055
7,86,3,0.0000101
8,86,2,0.0000348
9,86,3,0.0000374
10,86,3,0.0000763
11,86,3,0.000143
12,86,3,0.0002861
13,86,3,0.0005837
14,86,3,0.0012243
15,86,4,0.0013474
16,86,4,0.0024362
17,86,3,0.0094524
18,86,4,0.0101994
19,86,3,0.0373234
20,86,4,0.0385999
21,86,3,0.1467636
22,86,4,0.1539049
23,86,4,0.3123727
24,86,4,0.62750155
25,86,4,1.2490025
26,86,4,2.5342758
27,86,5,2.6903262
28,86,6,2.7894926
29,86,5,10.694939
30,86,6,11.275902
31,86,6,22.319296
32,86,5,85.138985
1,87,1,3e-7
2,87,1,0.0000011
3,87,2,0.0000012
4,87,2,0.0000023
5,87,3,0.0000025
6,87,3,0.000005
7,87,2,0.0000172
8,87,3,0.000019
9,87,2,0.0000675
10,87,2,0.0001319
11,87,2,0.0002585
12,87,3,0.0002846
13,87,3,0.0006529
14,87,3,0.0011437
15,87,4,0.0012917
16,87,4,0.0025638
17,87,3,0.0093342
18,87,4,0.0099898
19,87,4,0.0196701
20,87,3,0.071704894
21,87,4,0.077557
22,87,4,0.15276301
23,87,3,0.58322316
24,87,4,0.6195513
25,87,5,0.6543444
26,87,5,1.3323994
27,87,5,2.6837516
28,87,5,5.3053226
29,87,6,5.5706396
30,87,5,21.276443
31,87,5,42.06633
32,87,5,85.22355
1,88,1,3e-7
2,88,1,0.0000012
3,88,2,0.0000013
4,88,2,0.0000023
5,88,2,0.0000048
6,88,2,0.0000087
7,88,3,0.0000101
8,88,2,0.0000345
9,88,3,0.0000366
10,88,3,0.0000728
11,88,3,0.0001321
12,88,3,0.0002836
13,88,3,0.0005836
14,88,4,0.0006486
15,88,3,0.0023605
16,88,3,0.0045746
17,88,3,0.0091076
18,88,3,0.0182955
19,88,4,0.019947
20,88,3,0.072369106
21,88,4,0.07844511
22,88,3,0.2926904
23,88,3,0.60239667
24,88,4,0.6360592
25,88,4,1.2413477
26,88,5,1.3067839
27,88,5,2.64387
28,88,5,5.2433815
29,88,5,10.577078
30,88,5,21.129366
31,88,5,41.983353
32,88,6,44.710342
1,89,1,4e-7
2,89,1,0.0000011
3,89,2,0.0000013
4,89,2,0.0000025
5,89,1,0.0000084
6,89,2,0.0000078
7,89,2,0.0000175
8,89,2,0.0000341
9,89,3,0.0000379
10,89,3,0.0000729
11,89,2,0.0002642
12,89,2,0.0005196
13,89,3,0.0005689
14,89,3,0.0010871
15,89,4,0.0011662
16,89,3,0.0047677
17,89,3,0.0093138
18,89,3,0.0184428
19,89,3,0.0355554
20,89,3,0.0803771
21,89,3,0.1472971
22,89,4,0.1536487
23,89,4,0.30129388
24,89,4,0.6101104
25,89,4,1.2239897
26,89,4,2.4225695
27,89,5,2.6262515
28,89,5,5.223701
29,89,5,10.411854
30,89,6,10.730716
31,89,5,42.463547
32,89,6,45.083675
1,90,1,3e-7
2,90,1,0.0000012
3,90,1,0.0000023
4,90,2,0.0000022
5,90,2,0.0000047
6,90,2,0.0000095
7,90,2,0.0000179
8,90,2,0.0000344
9,90,2,0.0000674
10,90,3,0.0000743
11,90,3,0.000145
12,90,3,0.0002895
13,90,3,0.0005633
14,90,3,0.0011408
15,90,3,0.0024781
16,90,4,0.0024142
17,90,3,0.0095699
18,90,4,0.0100696
19,90,3,0.0370742
20,90,4,0.0413042
21,90,3,0.1429098
22,90,4,0.162551
23,90,4,0.33968508
24,90,5,0.3242892
25,90,5,0.66104424
26,90,5,1.3218184
27,90,4,5.060754
28,90,6,2.912139
29,90,5,10.707782
30,90,5,20.984407
31,90,5,42.03361
32,90,7,23.383505
1,91,1,3e-7
2,91,1,0.0000011
3,91,1,0.0000022
4,91,2,0.0000023
5,91,2,0.0000043
6,91,2,0.0000091
7,91,3,0.0000099
8,91,2,0.0000341
9,91,2,0.0000591
10,91,3,0.0000765
11,91,2,0.0004049
12,91,3,0.0002837
13,91,3,0.0005661
14,91,3,0.0011737
15,91,3,0.0023208
16,91,3,0.0048979
17,91,3,0.0097493
18,91,4,0.010216
19,91,3,0.0361224
20,91,3,0.072107695
21,91,4,0.0785829
22,91,3,0.2917896
23,91,4,0.3097241
24,91,4,0.6130229
25,91,4,1.2347819
26,91,5,1.3196352
27,91,5,2.6236172
28,91,5,5.296623
29,91,4,20.019804
30,91,5,21.35292
31,91,6,22.158731
32,91,6,44.765427
1,92,1,2e-7
2,92,1,0.000001
3,92,2,9e-7
4,92,2,0.000002
5,92,2,0.0000044
6,92,1,0.0000157
7,92,3,0.0000093
8,92,3,0.0000191
9,92,3,0.000037
10,92,2,0.0001305
11,92,3,0.0001424
12,92,3,0.0002816
13,92,3,0.0005659
14,92,3,0.0011295
15,92,4,0.0012067
16,92,4,0.0023302
17,92,4,0.0048575
18,92,3,0.0182543
19,92,3,0.0369974
20,92,3,0.0704188
21,92,4,0.0762094
22,92,4,0.15470849
23,92,4,0.3138164
24,92,4,0.6173226
25,92,4,1.2400271
26,92,5,1.3156756
27,92,5,2.6135638
28,92,5,5.315606
29,92,6,5.6153374
30,92,5,21.38838
31,92,5,41.856438
32,92,5,84.26196
1,93,1,4e-7
2,93,1,0.000001
3,93,1,0.0000019
4,93,2,0.0000024
5,93,2,0.0000045
6,93,3,0.0000046
7,93,2,0.0000217
8,93,2,0.0000348
9,93,3,0.0000376
10,93,3,0.0000736
11,93,3,0.0001445
12,93,3,0.0002845
13,93,3,0.0005637
14,93,3,0.0011363
15,93,3,0.002266
16,93,3,0.0093694
17,93,3,0.0091038
18,93,4,0.0098466
19,93,3,0.0369706
20,93,4,0.0380588
21,93,4,0.0760472
22,93,3,0.2894868
23,93,4,0.3092065
24,93,4,0.6300433
25,93,4,1.23663
26,93,4,2.4825277
27,93,4,4.995223
28,93,5,5.352587
29,93,5,10.654518
30,93,5,21.269232
31,93,5,42.942993
32,93,6,43.52993
1,94,1,3e-7
2,94,1,0.0000011
3,94,2,0.0000012
4,94,2,0.0000024
5,94,2,0.0000049
6,94,2,0.0000093
7,94,3,0.0000101
8,94,2,0.0000336
9,94,2,0.000074
10,94,3,0.0000741
11,94,3,0.0001456
12,94,3,0.0002853
13,94,3,0.0006208
14,94,3,0.0011334
15,94,3,0.0022767
16,94,3,0.0092976
17,94,3,0.0091096
18,94,4,0.009702
19,94,4,0.0193936
20,94,3,0.0753728
21,94,4,0.076539
22,94,4,0.1540173
23,94,4,0.3146631
24,94,4,0.6100468
25,94,5,0.6586163
26,94,4,2.444329
27,94,5,2.6203928
28,94,4,9.83773
29,94,6,5.560825
30,94,5,21.120974
31,94,6,22.526102
32,94,5,85.21607
1,95,1,3e-7
2,95,2,3e-7
3,95,2,0.0000012
4,95,2,0.0000024
5,95,2,0.0000042
6,95,2,0.000009
7,95,2,0.0000178
8,95,2,0.000034
9,95,2,0.0000655
10,95,3,0.000072
11,95,3,0.0001513
12,95,3,0.0002838
13,95,3,0.0006637
14,95,3,0.0012524
15,95,3,0.0022495
16,95,3,0.0045446
17,95,3,0.0092376
18,95,4,0.009708
19,95,3,0.0365161
20,95,4,0.0399734
21,95,3,0.1469189
22,95,4,0.15536809
23,95,4,0.3148261
24,95,5,0.3327083
25,95,4,1.2449183
26,95,5,1.3747354
27,95,5,2.6557884
28,95,5,5.306349
29,95,5,10.828329
30,95,7,5.996117
31,95,5,42.856262
32,95,6,44.86994
1,96,1,3e-7
2,96,1,0.0000011
3,96,2,0.0000012
4,96,2,0.0000024
5,96,3,0.0000026
6,96,2,0.0000093
7,96,3,0.00001
8,96,3,0.000019
9,96,2,0.0000669
10,96,2,0.0002153
11,96,2,0.0002948
12,96,4,0.0001534
13,96,3,0.0005745
14,96,3,0.0013488
15,96,3,0.0022844
16,96,3,0.0045312
17,96,4,0.0049055
18,96,4,0.0103609
19,96,3,0.036126
20,96,4,0.0374841
21,96,4,0.079710305
22,96,4,0.15323369
23,96,4,0.3276568
24,96,5,0.34915742
25,96,4,1.2338954
26,96,5,1.3498082
27,96,4,4.9915433
28,96,5,5.323412
29,96,6,5.533801
30,96,5,21.293415
31,96,5,43.44799
32,96,6,45.32613
1,97,1,5e-7
2,97,1,0.0000011
3,97,1,0.0000021
4,97,2,0.0000023
5,97,2,0.0000043
6,97,2,0.0000091
7,97,2,0.0000169
8,97,2,0.0000337
9,97,3,0.000037
10,97,2,0.0004188
11,97,2,0.0004903
12,97,3,0.0002822
13,97,3,0.0006044
14,97,3,0.0011348
15,97,3,0.0024842
16,97,3,0.0044988
17,97,4,0.0051472
18,97,4,0.01012
19,97,3,0.0372281
20,97,5,0.0202305
21,97,4,0.0778714
22,97,5,0.082482494
23,97,3,0.5817505
24,97,4,0.61978066
25,97,5,0.6667381
26,97,5,1.3572206
27,97,5,2.6489978
28,97,5,5.2880216
29,97,6,5.557994
30,97,5,20.81215
31,97,6,22.550804
32,97,5,85.08139
1,98,1,4e-7
2,98,1,0.0000011
3,98,2,0.0000011
4,98,1,0.0000045
5,98,2,0.0000047
6,98,2,0.0000093
7,98,2,0.0000175
8,98,2,0.0000344
9,98,4,0.0000205
10,98,3,0.0000724
11,98,3,0.0001432
12,98,3,0.0002844
13,98,3,0.0006592
14,98,3,0.0011471
15,98,3,0.0023606
16,98,4,0.0024336
17,98,4,0.0049433
18,98,3,0.0182925
19,98,3,0.0377927
20,98,4,0.0390478
21,98,3,0.1458626
22,98,4,0.1591177
23,98,4,0.32199708
24,98,4,0.6077195
25,98,4,1.2437419
26,98,4,2.5483413
27,98,5,2.687068
28,98,5,5.320763
29,98,5,11.030901
30,98,5,21.438984
31,98,5,42.184437
32,98,5,82.2016
1,99,1,3e-7
2,99,2,4e-7
3,99,2,0.0000011
4,99,2,0.0000024
5,99,2,0.0000047
6,99,2,0.0000093
7,99,2,0.0000182
8,99,3,0.0000194
9,99,2,0.0000571
10,99,2,0.0001302
11,99,3,0.0001432
12,99,3,0.0002852
13,99,3,0.0005711
14,99,3,0.001143
15,99,3,0.0024056
16,99,3,0.0047023
17,99,3,0.0092239
18,99,4,0.0100933
19,99,3,0.0365969
20,99,4,0.0390856
21,99,4,0.0801168
22,99,4,0.1530613
23,99,4,0.31064808
24,99,4,0.6318217
25,99,4,1.2637718
26,99,4,2.467148
27,99,5,2.6796713
28,99,6,2.852548
29,99,5,10.575178
30,99,6,11.097052
31,99,6,22.198399
32,99,6,45.479923
