1,0,1,0.000007
2,0,2,5e-7
3,0,1,0.000002
4,0,1,0.0000025
5,0,2,0.0000027
6,0,2,0.0000062
7,0,2,0.0000108
8,0,2,0.0000161
9,0,2,0.0000312
10,0,3,0.0000347
11,0,3,0.0000796
12,0,4,0.0000857
13,0,3,0.0002749
14,0,3,0.0005334
15,0,4,0.0006323
16,0,3,0.0038847
17,0,3,0.0081466
18,0,3,0.0164442
19,0,3,0.0316637
20,0,3,0.065494
21,0,4,0.069937
22,0,4,0.1407415
23,0,4,0.28999802
24,0,4,0.555062
25,0,3,2.1298785
26,0,4,2.2390714
27,0,3,8.46153
28,0,4,8.917864
29,0,4,17.858429
30,0,4,37.61342
31,0,4,73.66982
32,0,4,146.94386
1,1,1,4e-7
2,1,2,4e-7
3,1,1,0.000002
4,1,2,0.0000023
5,1,2,0.0000044
6,1,2,0.0000086
7,1,2,0.0000164
8,1,3,0.0000184
9,1,3,0.0000354
10,1,2,0.0001234
11,1,3,0.0001361
12,1,3,0.0002661
13,1,3,0.0005319
14,1,3,0.0010707
15,1,3,0.0021314
16,1,3,0.0043562
17,1,3,0.0085037
18,1,3,0.017037
19,1,3,0.0341735
20,1,4,0.0397959
21,1,3,0.13550289
22,1,4,0.1446391
23,1,4,0.29641882
24,1,4,0.57649523
25,1,4,1.1511526
26,1,4,2.3354633
27,1,4,4.600702
28,1,4,9.243893
29,1,4,18.592203
30,1,5,19.901323
31,1,4,73.91118
32,1,4,145.42444
1,2,1,3e-7
2,2,1,0.0000011
3,2,1,0.0000021
4,2,2,0.0000021
5,2,2,0.0000042
6,2,2,0.0000082
7,2,2,0.0000158
8,2,2,0.0000349
9,2,3,0.0000357
10,2,3,0.0000664
11,2,3,0.0001332
12,2,3,0.0002627
13,2,4,0.0002815
14,2,3,0.0010694
15,2,4,0.0011495
16,2,3,0.0042782
17,2,3,0.0085927
18,2,3,0.0171227
19,2,3,0.0342466
20,2,3,0.068191506
21,2,3,0.13448979
22,2,4,0.1462289
23,2,4,0.2892464
24,2,4,0.5786724
25,2,4,1.1479028
26,2,4,2.3102787
27,2,3,8.832513
28,2,4,9.428703
29,2,3,34.972206
30,2,4,37.07674
31,2,4,74.54042
32,2,5,79.68624
1,3,1,3e-7
2,3,2,3e-7
3,3,1,0.0000016
4,3,2,0.0000013
5,3,2,0.0000024
6,3,2,0.0000045
7,3,3,0.0000057
8,3,3,0.0000103
9,3,3,0.0000224
10,3,3,0.0000488
11,3,3,0.0000738
12,3,3,0.000267
13,3,4,0.0002173
14,3,3,0.0011896
15,3,3,0.0019551
16,3,3,0.0040441
17,3,3,0.0081524
18,3,3,0.0166514
19,3,3,0.0326524
20,3,4,0.0343786
21,3,4,0.069837295
22,3,3,0.2664845
23,3,4,0.2911216
24,3,4,0.5627826
25,3,4,1.1194266
26,3,4,2.2499404
27,3,4,4.4952354
28,3,4,8.945374
29,3,4,17.775007
30,3,4,37.6118
31,3,5,39.43815
32,3,4,146.67044
1,4,1,4e-7
2,4,1,8e-7
3,4,2,6e-7
4,4,2,0.0000016
5,4,3,0.0000014
6,4,2,0.0000051
7,4,2,0.0000107
8,4,3,0.0000089
9,4,2,0.0000309
10,4,4,0.0000282
11,4,3,0.0000724
12,4,3,0.0001413
13,4,4,0.0002121
14,4,3,0.0008516
15,4,4,0.0012312
16,4,3,0.0041281
17,4,3,0.0079058
18,4,4,0.0083427
19,4,4,0.0174713
20,4,3,0.0653548
21,4,4,0.0698974
22,4,4,0.1457956
23,4,4,0.2777025
24,4,4,0.5594158
25,4,3,2.1122806
26,4,4,2.2503781
27,4,4,4.4702935
28,4,4,8.9453335
29,4,4,17.625494
30,4,4,37.96302
31,4,4,74.49883
32,4,3,279.4347
1,5,1,4e-7
2,5,1,0.0000011
3,5,2,0.0000013
4,5,1,0.0000043
5,5,1,0.0000077
6,5,2,0.0000092
7,5,2,0.0001649
8,5,3,0.0000997
9,5,3,0.0002565
10,5,3,0.0000634
11,5,3,0.0008612
12,5,2,0.0008825
13,5,3,0.003121
14,5,4,0.000528
15,5,3,0.0036029
16,5,4,0.0021037
17,5,3,0.0089676
18,5,4,0.0083522
19,5,3,0.0383411
20,5,3,0.0725496
21,5,3,0.1496429
22,5,4,0.14458461
23,5,4,0.2839061
24,5,4,0.5613981
25,5,3,2.149835
26,5,4,2.2446668
27,5,4,4.563966
28,5,4,9.048037
29,5,5,9.82053
30,5,4,36.60714
31,5,4,72.31537
32,5,4,151.23984
1,6,1,3e-7
2,6,1,7e-7
3,6,1,0.0000015
4,6,2,0.0000013
5,6,2,0.0000024
6,6,2,0.0000063
7,6,2,0.0000086
8,6,3,0.0000088
9,6,3,0.0000175
10,6,3,0.000035
11,6,3,0.0001021
12,6,2,0.0004739
13,6,4,0.0003616
14,6,3,0.0010628
15,6,3,0.0019865
16,6,4,0.0021729
17,6,3,0.0081724
18,6,3,0.0171744
19,6,3,0.0329453
20,6,4,0.034993
21,6,4,0.0698186
22,6,4,0.14091459
23,6,4,0.2797189
24,6,4,0.5690403
25,6,3,2.118244
26,6,4,2.2642899
27,6,4,4.460364
28,6,4,8.975575
29,6,4,17.620619
30,6,4,37.744064
31,6,4,74.507
32,6,4,147.09569
1,7,1,4e-7
2,7,1,0.0000011
3,7,1,0.0000022
4,7,2,0.0000023
5,7,3,0.0000024
6,7,2,0.0000089
7,7,2,0.0000164
8,7,3,0.0000169
9,7,2,0.0000626
10,7,2,0.0001223
11,7,3,0.0001352
12,7,3,0.0002838
13,7,3,0.0005324
14,7,3,0.0010612
15,7,3,0.0021252
16,7,4,0.0022637
17,7,4,0.0044837
18,7,3,0.0171814
19,7,5,0.0099279
20,7,3,0.0686698
21,7,4,0.0753308
22,7,4,0.1440099
23,7,4,0.2876799
24,7,4,0.58506095
25,7,4,1.1867781
26,7,4,2.3354568
27,7,4,4.6972313
28,7,4,9.451889
29,7,4,18.640041
30,7,5,19.938032
31,7,5,39.924416
32,7,4,146.94125
1,8,1,4e-7
2,8,1,0.0000012
3,8,1,0.0000022
4,8,2,0.0000024
5,8,2,0.0000045
6,8,2,0.000009
7,8,2,0.0000159
8,8,2,0.0000323
9,8,3,0.0000346
10,8,3,0.0000678
11,8,3,0.0001353
12,8,3,0.0002716
13,8,3,0.0005304
14,8,4,0.0005653
15,8,3,0.0021294
16,8,4,0.0022663
17,8,3,0.0086509
18,8,4,0.0090894
19,8,3,0.0333724
20,8,3,0.0682772
21,8,4,0.07105409
22,8,4,0.1446412
23,8,3,0.5366688
24,8,4,0.5753226
25,8,3,2.166975
26,8,4,2.3221025
27,8,3,8.902667
28,8,4,9.414342
29,8,4,18.91114
30,8,4,37.210854
31,8,4,74.523
32,8,4,149.63567
1,9,1,4e-7
2,9,1,0.0000011
3,9,1,0.0000021
4,9,1,0.0000042
5,9,2,0.0000046
6,9,2,0.0000086
7,9,3,0.0000095
8,9,2,0.0000326
9,9,2,0.0000626
10,9,3,0.0000718
11,9,3,0.0001345
12,9,2,0.0004892
13,9,4,0.0002809
14,9,3,0.0011073
15,9,3,0.0021348
16,9,3,0.0043461
17,9,3,0.0084689
18,9,3,0.0170634
19,9,4,0.0181064
20,9,4,0.0361016
21,9,3,0.1405545
22,9,4,0.1468931
23,9,4,0.2897059
24,9,4,0.5739733
25,9,4,1.1573863
26,9,4,2.3268008
27,9,3,8.777666
28,9,4,9.346072
29,9,4,18.55337
30,9,4,37.364925
31,9,4,74.70269
32,9,4,150.65712
1,10,1,3e-7
2,10,1,0.0000011
3,10,1,0.0000023
4,10,1,0.0000042
5,10,2,0.0000046
6,10,2,0.0000086
7,10,2,0.0000167
8,10,2,0.0000314
9,10,3,0.0000356
10,10,3,0.0000691
11,10,3,0.000134
12,10,3,0.0002681
13,10,3,0.000536
14,10,3,0.0010679
15,10,2,0.0039136
16,10,3,0.0042429
17,10,3,0.0086209
18,10,4,0.0091184
19,10,3,0.0340928
20,10,3,0.068247
21,10,3,0.1380664
22,10,4,0.1458728
23,10,4,0.2890869
24,10,3,1.1104693
25,10,4,1.1639903
26,10,3,4.370394
27,10,4,4.6610627
28,10,4,9.349983
29,10,4,18.912886
30,10,5,20.048761
31,10,5,40.286198
32,10,4,148.57736
1,11,1,3e-7
2,11,1,0.0000011
3,11,1,0.0000022
4,11,3,0.0000013
5,11,2,0.0000045
6,11,2,0.0000085
7,11,3,0.0000096
8,11,2,0.0000325
9,11,3,0.0000342
10,11,3,0.0000696
11,11,3,0.0001392
12,11,2,0.000525
13,11,3,0.0005626
14,11,3,0.0011081
15,11,3,0.0022429
16,11,3,0.004452
17,11,3,0.0096108
18,11,3,0.0176499
19,11,4,0.0187584
20,11,4,0.0363754
21,11,4,0.0730434
22,11,4,0.1466617
23,11,3,0.5613619
24,11,3,1.1045148
25,11,4,1.1700133
26,11,4,2.345505
27,11,4,4.6980247
28,11,4,9.354026
29,11,4,18.572224
30,11,4,38.68356
31,11,4,75.60215
32,11,4,147.67282
1,12,1,7e-7
2,12,1,0.000001
3,12,1,0.0000014
4,12,3,0.0000013
5,12,2,0.0000028
6,12,2,0.0000052
7,12,2,0.0000101
8,12,2,0.0000244
9,12,3,0.0000172
10,12,3,0.0000391
11,12,2,0.0001551
12,12,4,0.0000737
13,12,3,0.0005719
14,12,2,0.0019772
15,12,3,0.0020392
16,12,4,0.002238
17,12,3,0.0081572
18,12,3,0.0148759
19,12,3,0.0327888
20,12,3,0.0649004
21,12,3,0.1433728
22,12,4,0.13916141
23,12,3,0.52914107
24,12,4,0.5556639
25,12,4,1.1221368
26,12,4,2.254576
27,12,4,4.4393845
28,12,4,8.942845
29,12,4,17.721409
30,12,4,37.812874
31,12,4,74.017044
32,12,4,146.52495
1,13,1,3e-7
2,13,2,6e-7
3,13,1,0.000002
4,13,2,0.0000023
5,13,2,0.0000042
6,13,2,0.0000086
7,13,3,0.0000093
8,13,3,0.0000175
9,13,3,0.0000354
10,13,3,0.0000699
11,13,4,0.0000711
12,13,3,0.0002703
13,13,3,0.0005309
14,13,3,0.0010662
15,13,3,0.0020534
16,13,4,0.0022686
17,13,3,0.0085305
18,13,3,0.017076
19,13,4,0.0180431
20,13,3,0.0684077
21,13,3,0.135944
22,13,4,0.1443256
23,13,4,0.29785112
24,13,3,1.1104193
25,13,4,1.1639516
26,13,4,2.298632
27,13,5,2.5005646
28,13,4,9.330996
29,13,4,18.51401
30,13,4,37.07301
31,13,4,74.0013
32,13,3,278.48715
1,14,1,5e-7
2,14,1,0.0000014
3,14,2,0.0000012
4,14,2,0.0000024
5,14,2,0.0000046
6,14,2,0.000009
7,14,2,0.0000165
8,14,2,0.000037
9,14,3,0.0000354
10,14,3,0.0000684
11,14,3,0.0001511
12,14,3,0.0002666
13,14,3,0.0005554
14,14,3,0.0010768
15,14,4,0.0011332
16,14,3,0.0043798
17,14,3,0.0085122
18,14,3,0.017134
19,14,4,0.0180098
20,14,3,0.067782
21,14,5,0.0384
22,14,3,0.2737487
23,14,4,0.2863456
24,14,4,0.5758304
25,14,3,2.196422
26,14,4,2.303492
27,14,4,4.746544
28,14,5,4.9826593
29,14,4,18.708368
30,14,5,20.058266
31,14,4,74.22915
32,14,5,80.17475
1,15,1,3e-7
2,15,1,0.0000012
3,15,1,0.0000019
4,15,2,0.0000024
5,15,2,0.0000046
6,15,2,0.0000085
7,15,2,0.0000165
8,15,3,0.000018
9,15,3,0.0000335
10,15,3,0.0000692
11,15,3,0.0001328
12,15,3,0.0002824
13,15,4,0.0003028
14,15,3,0.0010666
15,15,3,0.0021275
16,15,4,0.0068962
17,15,4,0.0045802
18,15,4,0.0090194
19,15,3,0.0341378
20,15,3,0.068285294
21,15,3,0.1369819
22,15,4,0.1515797
23,15,4,0.2926235
24,15,4,0.57915163
25,15,4,1.1647139
26,15,4,2.3246856
27,15,4,4.6617484
28,15,4,9.32153
29,15,5,10.06919
30,15,4,37.320553
31,15,4,74.24026
32,15,4,149.87071
1,16,1,3e-7
2,16,1,0.0000012
3,16,2,0.0000011
4,16,3,0.0000015
5,16,2,0.0000044
6,16,3,0.0000049
7,16,2,0.0000295
8,16,3,0.0000186
9,16,3,0.0000353
10,16,3,0.0000682
11,16,3,0.0001332
12,16,3,0.0002707
13,16,3,0.0005353
14,16,3,0.0010803
15,16,3,0.0021337
16,16,4,0.0022673
17,16,4,0.0045227
18,16,3,0.0171527
19,16,4,0.0179929
20,16,4,0.0371421
21,16,3,0.1372688
22,16,4,0.1456281
23,16,4,0.2905902
24,16,3,1.1075929
25,16,4,1.1620684
26,16,4,2.3198547
27,16,4,4.650793
28,16,4,9.292709
29,16,3,35.133873
30,16,4,37.23793
31,16,3,143.51099
32,16,4,147.6643
1,17,1,3e-7
2,17,2,4e-7
3,17,1,0.0000022
4,17,2,0.000002
5,17,2,0.0000042
6,17,3,0.0000048
7,17,2,0.0000161
8,17,3,0.0000183
9,17,3,0.000035
10,17,2,0.000125
11,17,2,0.000245
12,17,3,0.0002714
13,17,3,0.0005357
14,17,3,0.0010957
15,17,3,0.0022114
16,17,4,0.0021445
17,17,3,0.0086338
18,17,3,0.0171973
19,17,4,0.0179046
20,17,4,0.0352188
21,17,4,0.0697394
22,17,4,0.1419053
23,17,3,0.61119664
24,17,4,0.64459467
25,17,4,1.1758462
26,17,3,4.2487173
27,17,5,2.435885
28,17,4,9.0063715
29,17,4,17.993832
30,17,4,35.996445
31,17,4,71.83806
32,17,5,77.2996
1,18,1,4e-7
2,18,2,5e-7
3,18,2,0.0000011
4,18,2,0.0000017
5,18,2,0.0000025
6,18,3,0.0000032
7,18,3,0.000006
8,18,2,0.0000191
9,18,2,0.0000361
10,18,3,0.0000413
11,18,3,0.0000783
12,18,3,0.0001342
13,18,3,0.0002858
14,18,2,0.0012893
15,18,3,0.0013884
16,18,3,0.0038858
17,18,4,0.0044499
18,18,4,0.0093319
19,18,3,0.0326
20,18,3,0.06552
21,18,4,0.071073905
22,18,4,0.142991
23,18,4,0.28119323
24,18,3,1.0572749
25,18,4,1.1227841
26,18,4,2.2542439
27,18,5,2.4436579
28,18,4,8.942562
29,18,4,17.770262
30,18,4,37.326454
31,18,4,74.4068
32,18,5,78.55773
1,19,1,3e-7
2,19,1,0.0000011
3,19,1,0.0000023
4,19,2,0.0000024
5,19,2,0.0000045
6,19,2,0.0000085
7,19,2,0.0000167
8,19,2,0.0000353
9,19,2,0.000063
10,19,3,0.00007
11,19,3,0.000134
12,19,2,0.0005653
13,19,3,0.0005358
14,19,3,0.0010745
15,19,3,0.0021542
16,19,3,0.0042708
17,19,3,0.0086401
18,19,4,0.0090805
19,19,3,0.0338682
20,19,3,0.068817295
21,19,3,0.1336931
22,19,3,0.2665744
23,19,3,0.5488534
24,19,4,0.5651861
25,19,4,1.1375095
26,19,4,2.2738206
27,19,3,8.659734
28,19,4,9.234501
29,19,4,18.466421
30,19,4,37.08176
31,19,4,74.361916
32,19,4,145.33867
1,20,1,3e-7
2,20,1,0.0000012
3,20,1,0.0000019
4,20,1,0.0000041
5,20,2,0.0000046
6,20,3,0.0000048
7,20,3,0.0000096
8,20,2,0.0000326
9,20,4,0.0000173
10,20,2,0.0001247
11,20,3,0.0001335
12,20,3,0.0002683
13,20,3,0.0005455
14,20,3,0.0010622
15,20,3,0.0029714
16,20,3,0.0042622
17,20,3,0.0080833
18,20,3,0.017154
19,20,3,0.0346298
20,20,4,0.036663
21,20,3,0.1373138
22,20,4,0.1411646
23,20,3,0.542348
24,20,4,0.5761084
25,20,4,1.1421959
26,20,4,2.2903166
27,20,4,4.5614715
28,20,4,9.191635
29,20,4,18.498024
30,20,4,37.288715
31,20,4,73.97667
32,20,4,148.09467
1,21,1,4e-7
2,21,1,0.0000012
3,21,2,0.000001
4,21,1,0.000004
5,21,2,0.0000044
6,21,2,0.0000083
7,21,2,0.0000171
8,21,2,0.0000332
9,21,2,0.0000625
10,21,3,0.0000681
11,21,3,0.0001382
12,21,3,0.0002679
13,21,4,0.0002822
14,21,3,0.0012577
15,21,4,0.0013315
16,21,4,0.0022787
17,21,3,0.0088045
18,21,3,0.0171941
19,21,3,0.0341741
20,21,4,0.0361702
21,21,3,0.1351811
22,21,3,0.2853542
23,21,4,0.29429883
24,21,4,0.5835664
25,21,4,1.1669269
26,21,5,1.2594793
27,21,4,4.6306434
28,21,4,9.317499
29,21,4,18.778082
30,21,4,37.526287
31,21,4,74.45969
32,21,4,149.3708
1,22,1,4e-7
2,22,1,0.0000012
3,22,2,0.0000014
4,22,2,0.0000024
5,22,2,0.0000045
6,22,2,0.0000086
7,22,4,0.0000051
8,22,2,0.0000355
9,22,3,0.0000363
10,22,3,0.0000718
11,22,3,0.0001392
12,22,3,0.0002797
13,22,3,0.0005523
14,22,3,0.0011097
15,22,3,0.0022095
16,22,3,0.0044003
17,22,3,0.0093423
18,22,4,0.0090066
19,22,3,0.0339717
20,22,3,0.0681377
21,22,4,0.0764051
22,22,3,0.27451628
23,22,4,0.3004693
24,22,4,0.5843914
25,22,5,0.637029
26,22,4,2.3664954
27,22,4,4.729067
28,22,4,9.479578
29,22,4,19.005323
30,22,4,37.26221
31,22,5,39.633915
32,22,4,149.8756
1,23,1,5e-7
2,23,1,0.0000012
3,23,2,0.0000013
4,23,2,0.0000024
5,23,2,0.0000048
6,23,2,0.0000088
7,23,2,0.0000171
8,23,2,0.0000322
9,23,3,0.0000353
10,23,2,0.0001884
11,23,3,0.0001348
12,23,3,0.0002667
13,23,3,0.0012746
14,23,3,0.0010657
15,23,3,0.0021521
16,23,5,0.0013
17,23,4,0.0045377
18,23,3,0.017173
19,23,4,0.0181317
20,23,4,0.0370142
21,23,3,0.1366999
22,23,4,0.1485138
23,23,3,0.55235416
24,23,4,0.58529425
25,23,4,1.1687663
26,23,4,2.3418171
27,23,4,4.711072
28,23,4,9.325519
29,23,4,18.653622
30,23,4,37.131565
31,23,4,74.73195
32,23,4,149.62854
1,24,1,4e-7
2,24,1,8e-7
3,24,2,9e-7
4,24,2,0.0000018
5,24,3,0.0000021
6,24,2,0.0000091
7,24,2,0.0000157
8,24,3,0.0000181
9,24,3,0.0000372
10,24,3,0.0000704
11,24,2,0.0002535
12,24,3,0.0002713
13,24,3,0.0005533
14,24,3,0.0011008
15,24,3,0.0022106
16,24,4,0.0023398
17,24,4,0.0046758
18,24,3,0.0186658
19,24,3,0.0362084
20,24,3,0.06983
21,24,4,0.073939905
22,24,3,0.27466258
23,24,4,0.2944998
24,24,4,0.594642
25,24,4,1.1708732
26,24,5,1.254151
27,24,4,4.751741
28,24,4,9.375451
29,24,4,18.751474
30,24,4,37.433643
31,24,4,75.169174
32,24,4,152.2418
1,25,1,3e-7
2,25,1,0.000001
3,25,1,0.0000014
4,25,2,0.0000016
5,25,1,0.0000042
6,25,2,0.0000043
7,25,2,0.000008
8,25,2,0.0000181
9,25,2,0.0000306
10,25,3,0.0000403
11,25,3,0.0000711
12,25,3,0.0001666
13,25,3,0.0003365
14,25,3,0.000991
15,25,3,0.0021293
16,25,3,0.0041694
17,25,3,0.0081867
18,25,4,0.0087843
19,25,4,0.0173593
20,25,3,0.0651628
21,25,4,0.069678895
22,25,4,0.1391473
23,25,4,0.2756874
24,25,4,0.56171274
25,25,3,2.1441114
26,25,4,2.2623107
27,25,4,4.483632
28,25,4,8.969844
29,25,4,17.54466
30,25,5,20.337006
31,25,4,74.20966
32,25,4,146.84662
1,26,1,3e-7
2,26,1,9e-7
3,26,3,3e-7
4,26,2,0.0000022
5,26,2,0.0000042
6,26,2,0.0000081
7,26,2,0.0000166
8,26,2,0.0000319
9,26,3,0.0000325
10,26,2,0.0001238
11,26,3,0.0001359
12,26,3,0.0002669
13,26,3,0.000536
14,26,4,0.0005676
15,26,3,0.0020533
16,26,3,0.0041659
17,26,3,0.0085037
18,26,4,0.0199913
19,26,3,0.0446085
20,26,4,0.0382333
21,26,4,0.0721862
22,26,3,0.27147397
23,26,3,0.5469902
24,26,3,1.1069686
25,26,3,2.172525
26,26,4,2.3111944
27,26,4,4.6418643
28,26,4,9.275787
29,26,4,18.437315
30,26,4,37.14565
31,26,4,74.16218
32,26,4,145.54199
1,27,1,3e-7
2,27,2,4e-7
3,27,2,0.0000014
4,27,2,0.0000024
5,27,2,0.0000046
6,27,2,0.0000089
7,27,2,0.000017
8,27,3,0.0000181
9,27,4,0.0000173
10,27,3,0.0000691
11,27,3,0.0001349
12,27,2,0.0004981
13,27,3,0.0005458
14,27,3,0.0010833
15,27,3,0.0020924
16,27,3,0.0046497
17,27,3,0.0085523
18,27,3,0.0171956
19,27,3,0.0340421
20,27,3,0.0683442
21,27,4,0.072203696
22,27,4,0.14616929
23,27,4,0.2946435
24,27,3,1.1033052
25,27,4,1.1529652
26,27,4,2.3313067
27,27,4,4.6795073
28,27,4,9.326213
29,27,3,35.02434
30,27,4,36.962566
31,27,4,74.33162
32,27,5,79.51278
1,28,1,3e-7
2,28,1,0.0000011
3,28,1,0.0000022
4,28,2,0.0000023
5,28,2,0.0000041
6,28,2,0.0000082
7,28,2,0.0000166
8,28,3,0.0000176
9,28,2,0.000064
10,28,3,0.0000697
11,28,3,0.0001385
12,28,4,0.00014
13,28,3,0.0005336
14,28,3,0.0010651
15,28,3,0.0024164
16,28,4,0.0022981
17,28,4,0.0045518
18,28,4,0.0093254
19,28,4,0.0180988
20,28,3,0.0688957
21,28,4,0.0715107
22,28,4,0.14486781
23,28,4,0.2928991
24,28,3,1.0987062
25,28,4,1.1600498
26,28,3,4.367782
27,28,5,2.4715228
28,28,4,9.2630205
29,28,4,18.649992
30,28,5,20.103556
31,28,4,74.10176
32,28,4,148.1387
1,29,1,4e-7
2,29,1,0.0000013
3,29,1,0.000002
4,29,1,0.0000039
5,29,2,0.0000043
6,29,2,0.0000088
7,29,2,0.0000167
8,29,3,0.0000185
9,29,2,0.000065
10,29,3,0.0000718
11,29,3,0.0001394
12,29,3,0.0002762
13,29,3,0.0005529
14,29,3,0.0011011
15,29,4,0.0011652
16,29,3,0.004478
17,29,3,0.0088366
18,29,3,0.0176222
19,29,3,0.0342554
20,29,4,0.0362354
21,29,3,0.1377207
22,29,3,0.2751731
23,29,3,0.551184
24,29,4,0.5895375
25,29,4,1.1792021
26,29,4,2.3611114
27,29,4,4.681071
28,29,4,9.413545
29,29,5,10.100475
30,29,4,37.665924
31,29,4,74.67917
32,29,4,151.13551
1,30,1,4e-7
2,30,1,0.0000011
3,30,1,0.0000023
4,30,2,0.0000021
5,30,2,0.0000041
6,30,2,0.0000078
7,30,2,0.0000151
8,30,2,0.000029
9,30,3,0.0000328
10,30,3,0.0000633
11,30,3,0.0001227
12,30,3,0.0002466
13,30,3,0.0004888
14,30,3,0.0009789
15,30,3,0.0019521
16,30,3,0.0038926
17,30,3,0.0122263
18,30,3,0.016151
19,30,3,0.0324007
20,30,3,0.0637099
21,30,3,0.1307686
22,30,3,0.27075112
23,30,4,0.28959972
24,30,3,1.105184
25,30,3,2.2015815
26,30,4,2.308284
27,30,4,4.663537
28,30,4,10.744977
29,30,4,18.790789
30,30,4,37.302204
31,30,4,74.180176
32,30,4,143.87117
1,31,1,3e-7
2,31,1,0.0000015
3,31,1,0.0000022
4,31,2,0.0000022
5,31,1,0.0000079
6,31,2,0.0000081
7,31,3,0.0000096
8,31,2,0.0000318
9,31,3,0.000034
10,31,3,0.0000671
11,31,3,0.0001309
12,31,3,0.00026
13,31,3,0.0005201
14,31,3,0.0010493
15,31,3,0.0022764
16,31,3,0.0041449
17,31,3,0.0084125
18,31,3,0.0166367
19,31,3,0.0334697
20,31,3,0.0666871
21,31,4,0.0692074
22,31,4,0.13766609
23,31,5,0.1557792
24,31,4,0.5583848
25,31,5,0.5984128
26,31,3,4.2339253
27,31,4,4.4997387
28,31,4,8.941851
29,31,4,18.041845
30,31,4,35.81439
31,31,4,71.341866
32,31,4,143.2022
1,32,1,4e-7
2,32,1,0.0000011
3,32,1,0.0000022
4,32,2,0.0000022
5,32,2,0.0000042
6,32,3,0.0000047
7,32,3,0.0000087
8,32,2,0.0000312
9,32,2,0.0000606
10,32,3,0.0000672
11,32,4,0.0000684
12,32,3,0.0002585
13,32,3,0.0005151
14,32,3,0.00104
15,32,3,0.0020799
16,32,4,0.0022746
17,32,5,0.0023659
18,32,3,0.0165848
19,32,3,0.0330184
20,32,3,0.0672698
21,32,4,0.0705288
22,32,4,0.1413223
23,32,3,0.53452986
24,32,4,0.5609749
25,32,4,1.2212762
26,32,4,2.2605913
27,32,4,4.4782
28,32,4,9.049291
29,32,4,17.972818
30,32,4,35.662937
31,32,4,72.96626
32,32,4,142.23187
1,33,1,4e-7
2,33,2,4e-7
3,33,2,0.000001
4,33,2,0.0000023
5,33,2,0.0000043
6,33,2,0.000008
7,33,2,0.000016
8,33,2,0.0000304
9,33,2,0.0000602
10,33,3,0.0000672
11,33,3,0.0001315
12,33,2,0.0004723
13,33,4,0.0002739
14,33,3,0.001039
15,33,4,0.0012355
16,33,3,0.0043368
17,33,3,0.0080948
18,33,3,0.0335277
19,33,3,0.033186
20,33,4,0.0348443
21,33,4,0.0711874
22,33,3,0.2669603
23,33,4,0.27955368
24,33,4,0.5782805
25,33,4,1.1379156
26,33,4,2.253683
27,33,4,4.5298615
28,33,4,8.91703
29,33,4,17.946808
30,33,4,36.12118
31,33,4,69.16277
32,33,4,106.82911
1,34,1,4e-7
2,34,1,0.0000012
3,34,2,0.0000012
4,34,2,0.0000023
5,34,2,0.0000046
6,34,3,0.0000049
7,34,2,0.000016
8,34,3,0.0000178
9,34,3,0.0000339
10,34,3,0.0000686
11,34,4,0.0000691
12,34,3,0.0002601
13,34,4,0.0002729
14,34,3,0.0050176
15,34,3,0.0020759
16,34,3,0.0041201
17,34,5,0.0023362
18,34,3,0.0166889
19,34,3,0.0332385
20,34,3,0.0674582
21,34,3,0.1310412
22,34,4,0.15485539
23,34,4,0.2809112
24,34,4,0.56165934
25,34,4,1.1141906
26,34,4,2.2410467
27,34,4,4.4746466
28,34,4,8.96997
29,34,4,17.897165
30,34,4,35.805233
31,34,4,71.58939
32,34,4,144.89415
1,35,1,3e-7
2,35,1,0.0000011
3,35,2,0.0000013
4,35,2,0.0000023
5,35,2,0.0000044
6,35,2,0.0000083
7,35,2,0.0000159
8,35,2,0.0000303
9,35,3,0.0000344
10,35,3,0.0000665
11,35,3,0.0001305
12,35,3,0.0002581
13,35,3,0.0005214
14,35,4,0.0005505
15,35,3,0.0065121
16,35,3,0.0042007
17,35,3,0.0082797
18,35,3,0.0235712
19,35,4,0.0176917
20,35,4,0.0352338
21,35,4,0.0709272
22,35,4,0.1409575
23,35,4,0.28217742
24,35,4,0.55846137
25,35,4,1.1244797
26,35,4,2.254607
27,35,4,4.512641
28,35,4,8.960001
29,35,4,17.80313
30,35,4,35.760715
31,35,4,71.75199
32,35,4,142.91383
1,36,1,4e-7
2,36,2,4e-7
3,36,1,0.0000023
4,36,2,0.0000023
5,36,3,0.0000026
6,36,2,0.0000084
7,36,2,0.0000161
8,36,3,0.0000177
9,36,3,0.0000343
10,36,2,0.000175
11,36,3,0.0001311
12,36,3,0.0002587
13,36,3,0.0005166
14,36,3,0.0010307
15,36,3,0.0020832
16,36,4,0.0021913
17,36,4,0.0044095
18,36,3,0.0166041
19,36,3,0.0331978
20,36,3,0.0646726
21,36,3,0.135146
22,36,4,0.1404718
23,36,4,0.27715608
24,36,4,0.5519908
25,36,4,1.1168079
26,36,4,2.213443
27,36,5,2.3936017
28,36,4,9.057831
29,36,4,18.06487
30,36,4,36.092644
31,36,4,72.24481
32,36,4,141.79233
1,37,1,4e-7
2,37,1,9e-7
3,37,2,9e-7
4,37,2,0.0000019
5,37,2,0.0000026
6,37,2,0.0000055
7,37,2,0.0000081
8,37,2,0.0000177
9,37,3,0.0000201
10,37,2,0.000066
11,37,2,0.0001887
12,37,3,0.000278
13,37,4,0.0002186
14,37,3,0.0012094
15,37,3,0.0020457
16,37,3,0.0040318
17,37,4,0.0045247
18,37,3,0.0164984
19,37,4,0.0174222
20,37,4,0.0363144
21,37,4,0.0698578
22,37,4,0.1406681
23,37,3,0.54051876
24,37,4,0.58085066
25,37,4,1.1276096
26,37,4,2.2527857
27,37,3,8.458751
28,37,4,9.027665
29,37,4,17.78138
30,37,4,37.86578
31,37,4,74.68889
32,37,4,147.22292
1,38,1,3e-7
2,38,1,0.0000011
3,38,3,4e-7
4,38,2,0.0000023
5,38,2,0.0000041
6,38,2,0.0000078
7,38,2,0.0000158
8,38,2,0.0000312
9,38,2,0.0000619
10,38,3,0.0000682
11,38,3,0.0001348
12,38,3,0.0002688
13,38,3,0.0005348
14,38,3,0.0010788
15,38,3,0.0021935
16,38,3,0.0044511
17,38,3,0.0094125
18,38,3,0.0171322
19,38,3,0.034305
20,38,4,0.0363251
21,38,3,0.13662
22,38,4,0.14748311
23,38,4,0.2897923
24,38,4,0.59085834
25,38,3,2.181861
26,38,4,2.3325014
27,38,4,4.6040015
28,38,4,9.253776
29,38,4,18.686548
30,38,4,37.181656
31,38,4,86.202126
32,38,4,146.79042
1,39,1,3e-7
2,39,1,0.0000011
3,39,2,0.0000011
4,39,2,0.0000023
5,39,2,0.0000047
6,39,2,0.0000088
7,39,2,0.0000167
8,39,2,0.0000327
9,39,2,0.000062
10,39,2,0.0001329
11,39,2,0.0002442
12,39,3,0.0002794
13,39,4,0.0002854
14,39,4,0.0007196
15,39,3,0.0021487
16,39,4,0.0022894
17,39,4,0.0045126
18,39,3,0.017367
19,39,4,0.0181841
20,39,4,0.0361399
21,39,4,0.072189294
22,39,4,0.1448735
23,39,4,0.2913031
24,39,3,1.1048487
25,39,4,1.1621984
26,39,4,2.3185143
27,39,4,4.639757
28,39,4,9.225211
29,39,4,18.543636
30,39,4,37.078922
31,39,4,74.31055
32,39,4,149.45903
1,40,1,4e-7
2,40,2,5e-7
3,40,2,0.0000011
4,40,2,0.0000022
5,40,2,0.0000045
6,40,3,0.0000047
7,40,3,0.000009
8,40,3,0.0000174
9,40,2,0.0000653
10,40,3,0.0000721
11,40,3,0.0001385
12,40,3,0.0002771
13,40,3,0.0005609
14,40,3,0.0011081
15,40,3,0.0037963
16,40,3,0.0044002
17,40,4,0.0047007
18,40,3,0.0233956
19,40,3,0.0340967
20,40,3,0.0700139
21,40,4,0.0729061
22,40,4,0.1452885
23,40,3,0.5626748
24,40,3,1.106252
25,40,3,2.2084484
26,40,4,2.3414924
27,40,4,4.6340623
28,40,4,9.29256
29,40,4,18.66139
30,40,4,37.253166
31,40,4,74.60204
32,40,5,81.02255
1,41,1,5e-7
2,41,2,4e-7
3,41,2,0.0000012
4,41,2,0.0000025
5,41,2,0.0000048
6,41,3,0.000005
7,41,2,0.0000174
8,41,3,0.0000187
9,41,3,0.0000366
10,41,3,0.0000713
11,41,3,0.0001273
12,41,3,0.0021124
13,41,3,0.0005509
14,41,4,0.0005924
15,41,3,0.0026485
16,41,3,0.0044619
17,41,3,0.0088383
18,41,4,0.0092959
19,41,5,0.0099702
20,41,4,0.0369044
21,41,3,0.1373524
22,41,4,0.15225391
23,41,4,0.2939832
24,41,4,0.5899833
25,41,4,1.1844479
26,41,4,2.3725228
27,41,4,4.70254
28,41,4,9.401601
29,41,4,18.783262
30,41,4,36.97018
31,41,4,74.53656
32,41,4,151.48018
1,42,1,3e-7
2,42,1,0.0000012
3,42,2,0.0000012
4,42,2,0.0000023
5,42,2,0.0000046
6,42,2,0.0000091
7,42,2,0.0000169
8,42,3,0.0000174
9,42,2,0.0000632
10,42,2,0.0001239
11,42,3,0.0002194
12,42,3,0.0002696
13,42,3,0.0005445
14,42,3,0.0010685
15,42,3,0.0021344
16,42,3,0.0042878
17,42,3,0.0088101
18,42,3,0.0176712
19,42,3,0.0347921
20,42,3,0.0686523
21,42,3,0.13869
22,42,4,0.174981
23,42,4,0.3006263
24,42,3,1.0950568
25,42,4,1.1705145
26,42,3,4.4147277
27,42,5,2.5216546
28,42,4,9.374367
29,42,4,18.737171
30,42,4,37.139847
31,42,4,72.70031
32,42,4,142.8366
1,43,1,5e-7
2,43,1,8e-7
3,43,2,8e-7
4,43,2,0.0000015
5,43,2,0.000003
6,43,2,0.0000053
7,43,2,0.000009
8,43,3,0.0000092
9,43,2,0.0000312
10,43,3,0.0000412
11,43,3,0.0000768
12,43,4,0.0000747
13,43,3,0.0003394
14,43,3,0.0011101
15,43,3,0.0019537
16,43,3,0.0043307
17,43,4,0.0043106
18,43,4,0.0086914
19,43,3,0.0320538
20,43,4,0.0356682
21,43,3,0.1337471
22,43,3,0.264153
23,43,4,0.277675
24,43,4,0.56319785
25,43,4,1.1318867
26,43,4,2.265047
27,43,4,4.550908
28,43,4,9.065471
29,43,4,17.742004
30,43,4,37.627518
31,43,5,40.06622
32,43,3,277.31073
1,44,1,3e-7
2,44,1,0.0000011
3,44,2,0.0000012
4,44,2,0.0000025
5,44,2,0.0000048
6,44,2,0.0000087
7,44,2,0.0000186
8,44,2,0.0000321
9,44,4,0.0000179
10,44,3,0.0000698
11,44,4,0.0000703
12,44,3,0.0002696
13,44,3,0.0005935
14,44,3,0.0011247
15,44,3,0.0022917
16,44,3,0.0043017
17,44,3,0.0087869
18,44,4,0.0093402
19,44,3,0.0345133
20,44,3,0.0692982
21,44,3,0.13491
22,44,4,0.1430001
23,44,4,0.2864809
24,44,4,0.57310003
25,44,4,1.1372206
26,44,3,5.588784
27,44,4,4.5925937
28,44,4,9.224723
29,44,4,23.240503
30,44,4,41.946587
31,44,4,72.35668
32,44,4,148.39731
1,45,1,4e-7
2,45,1,0.0000011
3,45,2,0.000001
4,45,2,0.0000026
5,45,2,0.0000048
6,45,2,0.0000089
7,45,3,0.0000098
8,45,2,0.0000324
9,45,3,0.000031
10,45,3,0.0000687
11,45,2,0.0002592
12,45,3,0.0002712
13,45,3,0.0005375
14,45,4,0.0005623
15,45,4,0.0013265
16,45,3,0.0116567
17,45,3,0.0114455
18,45,4,0.0090924
19,45,3,0.0338793
20,45,4,0.0364347
21,45,4,0.073226705
22,45,3,0.28078258
23,45,4,0.3018308
24,45,4,0.58371
25,45,4,1.1911008
26,45,4,2.3446853
27,45,4,4.6755624
28,45,4,9.312833
29,45,4,18.600977
30,45,4,37.17615
31,45,4,74.09705
32,45,4,149.70532
1,46,1,4e-7
2,46,1,0.000001
3,46,2,0.0000014
4,46,2,0.0000024
5,46,2,0.0000044
6,46,2,0.0000085
7,46,3,0.0000095
8,46,2,0.0000325
9,46,2,0.0000634
10,46,3,0.0000703
11,46,3,0.0001673
12,46,3,0.0002712
13,46,3,0.0005324
14,46,3,0.0010771
15,46,3,0.0021275
16,46,3,0.0212794
17,46,3,0.0086103
18,46,3,0.0170255
19,46,4,0.0242954
20,46,4,0.0401215
21,46,3,0.1695298
22,46,3,0.28489092
23,46,4,0.2859112
24,46,4,0.58438224
25,46,4,1.1454511
26,46,4,2.313842
27,46,4,4.615396
28,46,4,9.241761
29,46,4,18.799149
30,46,4,37.55793
31,46,4,74.87063
32,46,4,148.64183
1,47,1,4e-7
2,47,1,0.000001
3,47,2,0.0000012
4,47,2,0.0000023
5,47,2,0.0000048
6,47,2,0.0000087
7,47,3,0.0000094
8,47,2,0.0000325
9,47,3,0.0000363
10,47,2,0.0001279
11,47,3,0.0001991
12,47,3,0.0002772
13,47,3,0.0007327
14,47,2,0.0020053
15,47,4,0.0011622
16,47,4,0.0023316
17,47,3,0.0097341
18,47,3,0.0175425
19,47,4,0.0185759
20,47,3,0.0692879
21,47,4,0.0729308
22,47,3,0.2758936
23,47,3,0.5480442
24,47,4,0.5858164
25,47,4,1.1660221
26,47,4,2.3283162
27,47,4,4.6637325
28,47,4,9.311649
29,47,4,19.628515
30,47,4,37.37218
31,47,5,41.687855
32,47,4,147.36588
1,48,1,3e-7
2,48,2,6e-7
3,48,2,0.000001
4,48,3,0.0000013
5,48,1,0.0000079
6,48,2,0.0000088
7,48,2,0.0000163
8,48,2,0.0000313
9,48,2,0.0000687
10,48,3,0.0000663
11,48,3,0.00013
12,48,3,0.0002573
13,48,3,0.0005728
14,48,3,0.0010411
15,48,3,0.0020643
16,48,3,0.0041722
17,48,3,0.0087559
18,48,4,0.0093974
19,48,3,0.0345462
20,48,3,0.0658427
21,48,4,0.071098305
22,48,3,0.2743301
23,48,4,0.2897251
24,48,4,0.5595497
25,48,4,1.1263216
26,48,4,2.2619412
27,48,4,4.4943604
28,48,5,4.944562
29,48,4,18.195002
30,48,3,67.824326
31,48,4,71.495285
32,48,4,144.04161
1,49,1,3e-7
2,49,1,0.0000011
3,49,2,0.0000012
4,49,2,0.0000024
5,49,2,0.0000045
6,49,3,0.0000044
7,49,2,0.0000161
8,49,2,0.0000316
9,49,2,0.000065
10,49,3,0.0000658
11,49,2,0.0002374
12,49,3,0.0002602
13,49,3,0.0005313
14,49,4,0.0005465
15,49,3,0.002101
16,49,3,0.0042444
17,49,3,0.0083613
18,49,3,0.0165534
19,49,3,0.0331923
20,49,4,0.0349585
21,49,4,0.06988569
22,49,3,0.2666249
23,49,4,0.2814914
24,49,4,0.55637455
25,49,4,1.1133847
26,49,5,1.20569
27,49,4,4.475698
28,49,4,8.985465
29,49,4,17.869633
30,49,4,35.529636
31,49,4,72.01592
32,49,4,144.60992
1,50,1,3e-7
2,50,2,3e-7
3,50,1,0.0000013
4,50,2,0.0000017
5,50,2,0.0000032
6,50,2,0.0000044
7,50,3,0.000005
8,50,3,0.0000088
9,50,2,0.0000391
10,50,3,0.0000518
11,50,3,0.0001032
12,50,2,0.0004525
13,50,3,0.0002929
14,50,3,0.0009741
15,50,3,0.0028812
16,50,3,0.0044039
17,50,3,0.0082147
18,50,3,0.0164038
19,50,3,0.0323732
20,50,3,0.0663675
21,50,3,0.13317111
22,50,4,0.1395841
23,50,4,0.2809648
24,50,3,1.0596583
25,50,4,1.1106755
26,50,3,4.252222
27,50,3,8.458695
28,50,4,8.981217
29,50,4,18.00405
30,50,4,37.460476
31,50,4,73.84853
32,50,4,147.12164
1,51,1,3e-7
2,51,1,0.0000011
3,51,2,0.0000011
4,51,2,0.0000022
5,51,2,0.0000043
6,51,2,0.0000084
7,51,3,0.0000093
8,51,2,0.0000323
9,51,3,0.0000353
10,51,2,0.0001292
11,51,2,0.000247
12,51,3,0.0002703
13,51,3,0.000546
14,51,4,0.0005714
15,51,3,0.0022237
16,51,4,0.0022677
17,51,3,0.0085725
18,51,3,0.0171375
19,51,3,0.0341392
20,51,4,0.0363223
21,51,4,0.07333831
22,51,4,0.14462769
23,51,4,0.2877708
24,51,4,0.5756896
25,51,4,1.1764487
26,51,4,2.3119295
27,51,4,4.6467957
28,51,4,9.280422
29,51,4,18.541834
30,51,4,36.79262
31,51,4,73.432495
32,51,4,145.55403
1,52,1,3e-7
2,52,1,0.0000012
3,52,2,0.0000011
4,52,2,0.0000023
5,52,2,0.0000046
6,52,2,0.0000085
7,52,3,0.0000096
8,52,2,0.0000324
9,52,3,0.0000344
10,52,3,0.0000676
11,52,3,0.0001391
12,52,3,0.00027
13,52,3,0.0005346
14,52,4,0.0005737
15,52,3,0.0021299
16,52,3,0.0043214
17,52,4,0.0045467
18,52,3,0.0169447
19,52,3,0.0343641
20,52,4,0.036333
21,52,4,0.0776516
22,52,4,0.1439938
23,52,4,0.29050338
24,52,3,1.1186838
25,52,4,1.1636423
26,52,4,2.323603
27,52,4,4.6154776
28,52,4,9.207978
29,52,5,9.966124
30,52,4,37.07365
31,52,4,74.29389
32,52,3,283.0158
1,53,1,4e-7
2,53,1,0.0000011
3,53,1,0.0000022
4,53,2,0.0000023
5,53,2,0.0000043
6,53,2,0.0000086
7,53,2,0.0000165
8,53,2,0.0000347
9,53,3,0.0000353
10,53,3,0.0000696
11,53,3,0.0001379
12,53,3,0.0002681
13,53,3,0.0005337
14,53,3,0.0010652
15,53,3,0.0021322
16,53,3,0.0042252
17,53,4,0.0046024
18,53,4,0.009079
19,53,5,0.0097466
20,53,4,0.0358081
21,53,3,0.13683619
22,53,4,0.145652
23,53,4,0.2913707
24,53,4,0.5956677
25,53,4,1.1600338
26,53,4,2.321046
27,53,4,4.667078
28,53,4,9.356985
29,53,5,10.090054
30,53,5,20.286102
31,53,4,74.95361
32,53,4,149.65323
1,54,1,4e-7
2,54,1,0.000001
3,54,1,0.0000021
4,54,3,0.0000013
5,54,2,0.0000045
6,54,2,0.0000087
7,54,2,0.0000167
8,54,3,0.0000189
9,54,3,0.0000359
10,54,3,0.0000709
11,54,2,0.0002599
12,54,3,0.0002778
13,54,3,0.0005582
14,54,3,0.0011073
15,54,3,0.0022405
16,54,3,0.0043986
17,54,3,0.0088931
18,54,3,0.0174554
19,54,3,0.0342338
20,54,4,0.0360732
21,54,3,0.13644351
22,54,4,0.1535589
23,54,3,0.5471471
24,54,3,1.0974872
25,54,3,2.2061312
26,54,4,2.3572025
27,54,4,4.645965
28,54,4,9.292044
29,54,4,20.051023
30,54,4,37.342243
31,54,4,75.4685
32,54,4,147.29567
1,55,1,3e-7
2,55,2,4e-7
3,55,1,0.0000021
4,55,2,0.0000022
5,55,3,0.0000024
6,55,2,0.0000083
7,55,2,0.0000156
8,55,2,0.0000339
9,55,2,0.0000601
10,55,3,0.0000668
11,55,3,0.0001329
12,55,3,0.0002699
13,55,3,0.0005193
14,55,3,0.0010343
15,55,4,0.0010885
16,55,3,0.0041474
17,55,4,0.0043792
18,55,4,0.0087852
19,55,3,0.0330175
20,55,3,0.0667838
21,55,3,0.1324826
22,55,4,0.161469
23,55,4,0.2842832
24,55,4,0.5809874
25,55,3,2.1441545
26,55,3,4.2541327
27,55,4,4.524626
28,55,4,8.9630575
29,55,3,33.974716
30,55,4,35.678516
31,55,4,71.08225
32,55,4,144.16873
1,56,1,4e-7
2,56,2,4e-7
3,56,2,0.0000012
4,56,2,0.0000023
5,56,2,0.0000045
6,56,2,0.0000088
7,56,3,0.0000095
8,56,3,0.0000182
9,56,3,0.0000347
10,56,4,0.0000407
11,56,3,0.0001344
12,56,3,0.0002647
13,56,3,0.000533
14,56,3,0.001068
15,56,3,0.0021985
16,56,3,0.0041906
17,56,4,0.0045125
18,56,4,0.0091379
19,56,3,0.0344477
20,56,4,0.0361925
21,56,4,0.072747104
22,56,3,0.27099803
23,56,3,0.5501281
24,56,4,0.5860322
25,56,3,2.1927783
26,56,4,2.310696
27,56,5,2.4797118
28,56,4,9.323396
29,56,4,18.835789
30,56,4,37.196175
31,56,4,74.694275
32,56,4,148.58794
1,57,1,4e-7
2,57,1,0.0000011
3,57,2,0.0000012
4,57,1,0.0000042
5,57,2,0.0000046
6,57,2,0.0000086
7,57,2,0.0000162
8,57,2,0.0000324
9,57,2,0.0000623
10,57,2,0.0001268
11,57,3,0.0001398
12,57,2,0.0005075
13,57,3,0.0005524
14,57,4,0.0005872
15,57,3,0.0022138
16,57,4,0.0023382
17,57,3,0.008938
18,57,3,0.017712
19,57,4,0.0186339
20,57,4,0.0400536
21,57,4,0.0729394
22,57,3,0.2754029
23,57,4,0.29341573
24,57,4,0.6021753
25,57,4,1.1666154
26,57,5,1.2554216
27,57,3,8.899302
28,57,4,9.4033165
29,57,4,18.826588
30,57,4,37.355537
31,57,4,73.783516
32,57,4,151.78957
1,58,1,5e-7
2,58,2,4e-7
3,58,2,0.0000014
4,58,2,0.0000024
5,58,3,0.0000027
6,58,2,0.0000088
7,58,3,0.0000095
8,58,3,0.000018
9,58,3,0.0000337
10,58,3,0.0000691
11,58,3,0.0001342
12,58,3,0.0002636
13,58,2,0.0010162
14,58,3,0.0011114
15,58,4,0.0011425
16,58,3,0.0042381
17,58,3,0.0088305
18,58,3,0.0174757
19,58,4,0.0180965
20,58,4,0.0362164
21,58,3,0.13602419
22,58,4,0.14496711
23,58,4,0.2908114
24,58,4,0.5780015
25,58,4,1.1643139
26,58,4,2.3052225
27,58,4,4.6747875
28,58,4,9.341094
29,58,4,18.662374
30,58,4,37.222588
31,58,4,74.03786
32,58,4,143.63394
1,59,1,4e-7
2,59,2,4e-7
3,59,1,0.0000021
4,59,1,0.0000042
5,59,2,0.0000044
6,59,2,0.0000084
7,59,2,0.0000162
8,59,3,0.0000172
9,59,3,0.0000363
10,59,3,0.0000658
11,59,3,0.0001299
12,59,4,0.0001364
13,59,3,0.0005194
14,59,3,0.0010656
15,59,3,0.0021057
16,59,3,0.0040517
17,59,3,0.0082857
18,59,3,0.016419
19,59,3,0.0331253
20,59,4,0.0354004
21,59,4,0.0689086
22,59,3,0.2670633
23,59,4,0.2769016
24,59,3,1.0527557
25,59,4,1.133359
26,59,4,2.2318857
27,59,4,4.464403
28,59,4,8.982981
29,59,4,17.871944
30,59,4,36.00633
31,59,4,71.21513
32,59,4,145.3123
1,60,1,4e-7
2,60,1,0.0000011
3,60,2,0.0000011
4,60,2,0.0000021
5,60,3,0.0000021
6,60,3,0.0000048
7,60,3,0.0000092
8,60,3,0.0000172
9,60,3,0.0000344
10,60,2,0.0001211
11,60,3,0.0001317
12,60,2,0.0004751
13,60,3,0.0005225
14,60,3,0.0010474
15,60,3,0.002078
16,60,3,0.004909
17,60,3,0.0085289
18,60,3,0.0171626
19,60,3,0.03378
20,60,4,0.0351351
21,60,4,0.0705547
22,60,3,0.2657013
23,60,4,0.284918
24,60,4,0.5623527
25,60,4,1.1182753
26,60,4,2.2709322
27,60,4,4.5409026
28,60,4,9.561241
29,60,4,17.96303
30,60,5,19.63581
31,60,4,71.84517
32,60,4,143.74214
1,61,1,3e-7
2,61,1,0.0000011
3,61,1,0.0000021
4,61,1,0.0000042
5,61,1,0.000008
6,61,2,0.0000083
7,61,2,0.0000156
8,61,3,0.0000179
9,61,3,0.0000337
10,61,2,0.0001206
11,61,3,0.0001303
12,61,3,0.0002584
13,61,3,0.0046918
14,61,3,0.0010687
15,61,3,0.0020843
16,61,4,0.0021876
17,61,5,0.0023537
18,61,3,0.0165948
19,61,4,0.0175873
20,61,3,0.0658467
21,61,4,0.0735797
22,61,4,0.1378361
23,61,4,0.2787239
24,61,3,1.0473825
25,61,4,1.1260937
26,61,4,2.2225611
27,61,4,4.421636
28,61,4,8.859768
29,61,4,18.04701
30,61,4,36.06708
31,61,5,38.650723
32,61,4,143.46117
1,62,1,4e-7
2,62,2,4e-7
3,62,1,0.0000014
4,62,1,0.0000028
5,62,2,0.0000035
6,62,2,0.0000053
7,62,2,0.0000082
8,62,3,0.0000095
9,62,3,0.000023
10,62,3,0.0000388
11,62,3,0.0001124
12,62,3,0.0002208
13,62,3,0.0004096
14,62,3,0.001597
15,62,3,0.0016934
16,62,4,0.0018014
17,62,4,0.0063494
18,62,4,0.0087648
19,62,4,0.0176673
20,62,4,0.0344648
21,62,4,0.0697916
22,62,3,0.2673239
23,62,3,0.5325644
24,62,3,1.0558664
25,62,4,1.1233352
26,62,3,4.2285495
27,62,4,4.451603
28,62,4,8.997834
29,62,4,17.763737
30,62,4,37.522892
31,62,5,39.867344
32,62,4,146.71805
1,63,1,3e-7
2,63,1,0.0000011
3,63,2,0.0000012
4,63,1,0.0000043
5,63,2,0.0000045
6,63,2,0.0000241
7,63,3,0.0000092
8,63,3,0.0000183
9,63,2,0.0000635
10,63,2,0.000132
11,63,3,0.000135
12,63,3,0.0002674
13,63,3,0.0005409
14,63,3,0.0010691
15,63,3,0.0021195
16,63,4,0.0022611
17,63,3,0.008637
18,63,4,0.0095268
19,63,3,0.0343169
20,63,4,0.0359225
21,63,4,0.07095671
22,63,3,0.2695353
23,63,3,0.542104
24,63,3,1.0827607
25,63,4,1.1564268
26,63,4,2.294143
27,63,4,4.57074
28,63,4,9.308802
29,63,4,18.615656
30,63,4,36.914234
31,63,4,73.99541
32,63,4,146.4707
1,64,1,3e-7
2,64,1,0.0000011
3,64,2,0.0000013
4,64,2,0.0000025
5,64,3,0.0000026
6,64,2,0.0000086
7,64,3,0.0000097
8,64,3,0.000018
9,64,3,0.0000353
10,64,3,0.0000727
11,64,3,0.0001364
12,64,4,0.0001412
13,64,3,0.0005612
14,64,3,0.001085
15,64,3,0.0020188
16,64,3,0.0042843
17,64,3,0.0085988
18,64,3,0.0171004
19,64,4,0.0181063
20,64,3,0.068629906
21,64,4,0.0728446
22,64,4,0.1442588
23,64,4,0.28622648
24,64,4,0.57832974
25,64,3,2.21934
26,64,4,2.3152516
27,64,4,4.5713606
28,64,4,9.293667
29,64,5,9.947697
30,64,4,37.17776
31,64,5,39.937828
32,64,4,148.05101
1,65,1,4e-7
2,65,1,9e-7
3,65,2,0.0000012
4,65,2,0.0000019
5,65,2,0.0000046
6,65,2,0.0000088
7,65,2,0.0000167
8,65,2,0.0000324
9,65,2,0.0000638
10,65,3,0.0000628
11,65,2,0.0002748
12,65,3,0.0002709
13,65,3,0.0005407
14,65,3,0.0010615
15,65,3,0.0021441
16,65,4,0.0022622
17,65,4,0.0045244
18,65,4,0.0091187
19,65,3,0.0339181
20,65,3,0.068461
21,65,4,0.072999105
22,65,3,0.2698218
23,65,4,0.29456258
24,65,4,0.57731915
25,65,4,1.1602273
26,65,4,2.3170738
27,65,4,4.6683984
28,65,4,9.35886
29,65,4,18.548199
30,65,4,37.607975
31,65,4,74.04553
32,65,5,79.71015
1,66,1,5e-7
2,66,1,0.0000012
3,66,2,9e-7
4,66,2,0.0000025
5,66,3,0.0000027
6,66,2,0.0000091
7,66,2,0.0000177
8,66,3,0.0000189
9,66,3,0.0000401
10,66,3,0.0000719
11,66,3,0.0001385
12,66,4,0.0001479
13,66,3,0.0005612
14,66,3,0.0011867
15,66,3,0.0022123
16,66,3,0.0044162
17,66,3,0.0088133
18,66,4,0.0091008
19,66,3,0.0341433
20,66,4,0.0363954
21,66,4,0.0726466
22,66,3,0.2793338
23,66,4,0.2899225
24,66,4,0.5963541
25,66,4,1.1642666
26,66,4,2.3384018
27,66,4,4.7045655
28,66,3,17.549307
29,66,4,18.539259
30,66,4,37.503773
31,66,4,75.31161
32,66,4,149.88785
1,67,1,9e-7
2,67,2,6e-7
3,67,2,0.0000011
4,67,2,0.0000028
5,67,2,0.000005
6,67,3,0.0000057
7,67,2,0.0000186
8,67,3,0.0000178
9,67,3,0.0000359
10,67,3,0.0000691
11,67,3,0.0001388
12,67,3,0.0002766
13,67,3,0.0005545
14,67,4,0.0005849
15,67,3,0.0022022
16,67,4,0.0026173
17,67,4,0.0046488
18,67,4,0.0096107
19,67,4,0.0186076
20,67,4,0.0377202
21,67,3,0.1384316
22,67,4,0.1443058
23,67,3,0.5497338
24,67,3,1.1066405
25,67,4,1.1743604
26,67,4,2.361065
27,67,3,8.812915
28,67,4,9.321247
29,67,4,18.517153
30,67,4,38.536667
31,67,3,139.31732
32,67,4,143.44481
1,68,1,3e-7
2,68,2,4e-7
3,68,2,0.0000012
4,68,2,0.0000022
5,68,2,0.0000046
6,68,2,0.0000085
7,68,2,0.000017
8,68,2,0.0000479
9,68,3,0.0000363
10,68,3,0.0000598
11,68,3,0.0001194
12,68,3,0.0002375
13,68,3,0.0004777
14,68,3,0.0009464
15,68,4,0.0010052
16,68,4,0.0020275
17,68,4,0.0043286
18,68,4,0.0082723
19,68,3,0.0318587
20,68,4,0.0345967
21,68,3,0.133757
22,68,4,0.1388063
23,68,3,0.55450386
24,68,3,1.1021751
25,68,4,1.1818025
26,68,4,2.352448
27,68,4,4.6494927
28,68,4,9.3494
29,68,4,19.40201
30,68,4,37.505398
31,68,4,73.657684
32,68,4,143.95737
1,69,1,4e-7
2,69,2,3e-7
3,69,2,0.0000012
4,69,1,0.0000041
5,69,1,0.0000078
6,69,2,0.0000086
7,69,2,0.000016
8,69,3,0.0000157
9,69,3,0.0000336
10,69,2,0.0001108
11,69,3,0.0001394
12,69,3,0.0002599
13,69,3,0.0005203
14,69,3,0.0010376
15,69,4,0.0010813
16,69,3,0.0041509
17,69,3,0.0082993
18,69,3,0.0165849
19,69,4,0.0226021
20,69,3,0.0666367
21,69,4,0.0719078
22,69,4,0.14539261
23,69,3,0.5455122
24,69,5,0.3230549
25,69,4,1.1372243
26,69,3,4.289492
27,69,4,4.4965367
28,69,4,8.943562
29,69,4,17.74905
30,69,4,35.79041
31,69,4,71.82609
32,69,5,77.76873
1,70,1,3e-7
2,70,1,0.0000011
3,70,1,0.0000021
4,70,2,0.0000021
5,70,2,0.0000038
6,70,2,0.0000087
7,70,2,0.0000161
8,70,2,0.0000314
9,70,3,0.0000521
10,70,3,0.0000702
11,70,3,0.0001303
12,70,3,0.0002582
13,70,3,0.0005185
14,70,3,0.001047
15,70,3,0.0020617
16,70,3,0.0043483
17,70,3,0.0085272
18,70,3,0.0176336
19,70,3,0.0341278
20,70,3,0.06735311
21,70,4,0.0685393
22,70,4,0.138954
23,70,4,0.3323926
24,70,4,0.6051704
25,70,4,1.1684564
26,70,3,4.319225
27,70,4,4.495735
28,70,4,9.138643
29,70,4,18.218912
30,70,4,35.80271
31,70,4,71.136925
32,70,4,142.31523
1,71,1,4e-7
2,71,2,3e-7
3,71,1,0.0000021
4,71,2,0.0000023
5,71,2,0.0000044
6,71,2,0.0000081
7,71,3,0.0000092
8,71,2,0.000031
9,71,3,0.000034
10,71,3,0.0000656
11,71,3,0.0001305
12,71,3,0.0002589
13,71,2,0.000943
14,71,3,0.0010347
15,71,3,0.0021382
16,71,3,0.0041423
17,71,3,0.0127172
18,71,3,0.0166553
19,71,3,0.0331744
20,71,3,0.0663701
21,71,3,0.131835
22,71,4,0.13885021
23,71,4,0.2854016
24,71,4,0.55843806
25,71,3,2.1305304
26,71,4,2.256835
27,71,4,4.4527617
28,71,4,9.0786495
29,71,4,17.9781
30,71,4,35.78132
31,71,4,71.464714
32,71,4,143.21811
1,72,1,3e-7
2,72,2,5e-7
3,72,2,0.0000011
4,72,2,0.0000023
5,72,2,0.0000044
6,72,2,0.0000085
7,72,2,0.0000157
8,72,3,0.0000178
9,72,3,0.0000335
10,72,3,0.0000647
11,72,3,0.0001291
12,72,3,0.0002578
13,72,2,0.0009591
14,72,3,0.0010412
15,72,3,0.0021012
16,72,3,0.0041476
17,72,3,0.0083662
18,72,3,0.0165673
19,72,4,0.0175347
20,72,3,0.100071296
21,72,4,0.07057951
22,72,4,0.1440196
23,72,4,0.28847468
24,72,4,0.5801612
25,72,3,2.1646905
26,72,4,2.273332
27,72,4,4.502772
28,72,4,8.983128
29,72,4,17.891714
30,72,4,35.95782
31,72,4,71.51268
32,72,4,143.70897
1,73,1,4e-7
2,73,1,0.000001
3,73,2,0.000001
4,73,2,0.0000022
5,73,2,0.0000044
6,73,2,0.0000086
7,73,2,0.0000163
8,73,2,0.0000311
9,73,3,0.0000345
10,73,2,0.0001197
11,73,3,0.0001355
12,73,4,0.0001372
13,73,3,0.0005209
14,73,4,0.000554
15,73,3,0.0020799
16,73,4,0.0021968
17,73,4,0.0043856
18,73,3,0.016521
19,73,3,0.0335227
20,73,4,0.0347122
21,73,3,0.1330074
22,73,3,0.26993477
23,73,3,0.5310968
24,73,4,0.5645416
25,73,3,2.101588
26,73,4,2.2302642
27,73,4,4.4993796
28,73,4,9.008845
29,73,4,17.898531
30,73,5,19.44003
31,73,4,71.437126
32,73,5,77.569016
1,74,1,5e-7
2,74,1,0.0000012
3,74,1,0.0000019
4,74,2,0.0000024
5,74,2,0.0000045
6,74,2,0.000008
7,74,4,0.0000049
8,74,3,0.0000177
9,74,3,0.0000341
10,74,3,0.0000668
11,74,3,0.0001324
12,74,3,0.0002643
13,74,3,0.0005174
14,74,4,0.0005511
15,74,3,0.0020733
16,74,3,0.0041573
17,74,3,0.0083335
18,74,3,0.0169274
19,74,4,0.0176245
20,74,4,0.0350383
21,74,3,0.1320283
22,74,4,0.1434754
23,74,4,0.27807948
24,74,4,0.555925
25,74,5,0.5978619
26,74,4,2.2384963
27,74,4,4.4807167
28,74,4,8.877071
29,74,4,18.144278
30,74,4,35.65533
31,74,4,65.91706
32,74,4,99.53063
1,75,1,3e-7
2,75,1,0.000001
3,75,1,0.0000014
4,75,2,0.0000015
5,75,2,0.0000031
6,75,2,0.0000044
7,75,2,0.0000109
8,75,2,0.0000159
9,75,3,0.0000304
10,75,3,0.0000391
11,75,3,0.0000702
12,75,3,0.000136
13,75,3,0.0002986
14,75,3,0.0007115
15,75,3,0.0015999
16,75,3,0.0037141
17,75,3,0.0081568
18,75,4,0.0086979
19,75,4,0.0174182
20,75,4,0.034648
21,75,5,0.0380482
22,75,3,0.2657312
23,75,3,0.5256963
24,75,4,0.56301475
25,75,4,1.1248778
26,75,4,2.26689
27,75,4,4.5089865
28,75,4,8.925008
29,75,4,17.738054
30,75,4,37.40547
31,75,4,74.51033
32,75,4,146.69162
1,76,1,3e-7
2,76,2,0.000027
3,76,2,0.0000011
4,76,2,0.0000022
5,76,2,0.0000041
6,76,2,0.0000084
7,76,2,0.0000186
8,76,2,0.0000309
9,76,3,0.000035
10,76,2,0.000123
11,76,3,0.0001366
12,76,3,0.0003031
13,76,3,0.0005341
14,76,3,0.0010801
15,76,3,0.0021409
16,76,3,0.0043353
17,76,3,0.0085789
18,76,4,0.009152
19,76,3,0.0341538
20,76,4,0.0356453
21,76,3,0.1411853
22,76,4,0.1448205
23,76,4,0.2914848
24,76,4,0.58329266
25,76,4,1.1892219
26,76,4,2.311953
27,76,4,4.674408
28,76,4,9.283363
29,76,4,18.49583
30,76,4,36.901093
31,76,4,73.70215
32,76,4,145.67413
1,77,1,5e-7
2,77,2,4e-7
3,77,2,0.0000012
4,77,2,0.0000023
5,77,2,0.0000046
6,77,2,0.0000088
7,77,3,0.0000095
8,77,2,0.0000339
9,77,3,0.0000362
10,77,3,0.0000697
11,77,3,0.0001388
12,77,2,0.0047343
13,77,3,0.0018833
14,77,3,0.0011235
15,77,3,0.0022072
16,77,4,0.0023167
17,77,4,0.0046419
18,77,3,0.0173121
19,77,3,0.0340939
20,77,3,0.0686612
21,77,3,0.1365983
22,77,4,0.1446775
23,77,4,0.29041797
24,77,4,0.5914645
25,77,3,2.1924658
26,77,4,2.3374803
27,77,4,4.6816883
28,77,4,9.301361
29,77,3,34.74489
30,77,4,37.164085
31,77,5,39.822777
32,77,5,79.926956
1,78,1,3e-7
2,78,1,0.0000011
3,78,2,0.0000012
4,78,2,0.0000023
5,78,2,0.0000047
6,78,2,0.0000086
7,78,3,0.0000094
8,78,3,0.0000183
9,78,3,0.0000377
10,78,2,0.0001263
11,78,3,0.0001347
12,78,3,0.0002675
13,78,3,0.0005453
14,78,4,0.0005728
15,78,3,0.0021453
16,78,3,0.0043514
17,78,3,0.0085071
18,78,4,0.009158
19,78,4,0.0182303
20,78,4,0.0364882
21,78,4,0.0724528
22,78,4,0.14494221
23,78,4,0.2920775
24,78,3,1.0991734
25,78,4,1.1804708
26,78,4,2.3140836
27,78,5,2.474273
28,78,4,9.283501
29,78,4,18.444597
30,78,4,37.593044
31,78,4,75.01957
32,78,4,148.75722
1,79,1,3e-7
2,79,2,4e-7
3,79,1,0.0000022
4,79,2,0.0000023
5,79,2,0.0000045
6,79,2,0.0000083
7,79,2,0.0000162
8,79,3,0.0000182
9,79,3,0.0000344
10,79,3,0.0000681
11,79,3,0.0001449
12,79,3,0.0002678
13,79,3,0.0005385
14,79,3,0.001065
15,79,3,0.0021339
16,79,4,0.0022617
17,79,3,0.0086283
18,79,3,0.0170648
19,79,4,0.0184018
20,79,3,0.0693402
21,79,3,0.1371535
22,79,4,0.1447988
23,79,4,0.2923664
24,79,3,1.0988024
25,79,3,2.2128377
26,79,4,2.3395102
27,79,4,4.6756067
28,79,4,9.412703
29,79,4,18.80796
30,79,4,37.80726
31,79,4,74.13447
32,79,4,149.37068
1,80,1,3e-7
2,80,1,0.0000011
3,80,2,0.0000012
4,80,1,0.0000071
5,80,2,0.0000054
6,80,2,0.0000101
7,80,2,0.0000197
8,80,2,0.0000364
9,80,2,0.0000712
10,80,2,0.0001405
11,80,3,0.0001566
12,80,3,0.0003056
13,80,3,0.000615
14,80,3,0.0012207
15,80,4,0.0012994
16,80,4,0.0026063
17,80,3,0.0093994
18,80,4,0.0093268
19,80,3,0.0354324
20,80,4,0.0367689
21,80,3,0.1365896
22,80,3,0.2634412
23,80,4,0.27826232
24,80,4,0.5810029
25,80,4,1.1516191
26,80,5,1.2475774
27,80,4,4.674308
28,80,4,10.419283
29,80,4,18.530296
30,80,5,20.169437
31,80,4,74.62793
32,80,4,143.99182
1,81,1,4e-7
2,81,1,0.0000011
3,81,2,0.0000012
4,81,3,0.0000012
5,81,1,0.0000077
6,81,3,0.0000048
7,81,2,0.0000159
8,81,3,0.0000177
9,81,3,0.0000338
10,81,3,0.0000672
11,81,2,0.0002382
12,81,3,0.0002603
13,81,3,0.0005855
14,81,3,0.0010382
15,81,3,0.002074
16,81,3,0.0041491
17,81,3,0.0082863
18,81,4,0.0087924
19,81,3,0.0330637
20,81,4,0.0351502
21,81,3,0.1321491
22,81,3,0.2627433
23,81,4,0.2788387
24,81,4,0.5610235
25,81,4,1.118701
26,81,4,2.3212433
27,81,4,4.5025544
28,81,4,8.963267
29,81,4,17.852526
30,81,4,35.884823
31,81,4,71.642235
32,81,4,144.60332
1,82,1,3e-7
2,82,1,0.000001
3,82,1,0.000002
4,82,1,0.000004
5,82,2,0.0000043
6,82,2,0.0000081
7,82,2,0.000016
8,82,2,0.0000304
9,82,3,0.0000336
10,82,3,0.000066
11,82,3,0.0001306
12,82,3,0.0002596
13,82,3,0.0005218
14,82,3,0.001039
15,82,3,0.0064446
16,82,3,0.0041367
17,82,3,0.0083354
18,82,3,0.0165854
19,82,4,0.0176102
20,82,4,0.0401072
21,82,4,0.06981649
22,82,4,0.13924499
23,82,3,0.5352445
24,82,4,0.5612465
25,82,4,1.1194805
26,82,4,2.2357044
27,82,4,4.4822416
28,82,4,8.967909
29,82,4,18.249762
30,82,4,35.876007
31,82,5,38.63134
32,82,4,144.66557
1,83,1,3e-7
2,83,1,8e-7
3,83,1,0.0000027
4,83,2,0.0000023
5,83,2,0.0000045
6,83,2,0.0000085
7,83,2,0.0000168
8,83,3,0.0000177
9,83,2,0.000059
10,83,3,0.0000658
11,83,3,0.0001307
12,83,3,0.0002744
13,83,2,0.0009492
14,83,3,0.0010404
15,83,3,0.0020995
16,83,3,0.0041452
17,83,3,0.0083787
18,83,3,0.0165817
19,83,3,0.0331455
20,83,3,0.0664558
21,83,3,0.13409169
22,83,4,0.1384335
23,83,4,0.2857685
24,83,4,0.5607448
25,83,4,1.1295224
26,83,4,2.2512333
27,83,4,4.5243783
28,83,3,16.92661
29,83,4,18.14655
30,83,4,34.571346
31,83,5,34.035774
32,83,4,99.29084
1,84,1,3e-7
2,84,1,0.000001
3,84,2,0.0000012
4,84,2,0.0000021
5,84,2,0.0000045
6,84,3,0.0000047
7,84,3,0.000009
8,84,3,0.0000171
9,84,4,0.0000189
10,84,3,0.0000669
11,84,2,0.0002386
12,84,3,0.0002597
13,84,3,0.00052
14,84,3,0.0011046
15,84,3,0.003217
16,84,3,0.0041519
17,84,3,0.0082739
18,84,3,0.0167432
19,84,3,0.0370837
20,84,3,0.0677194
21,84,3,0.1417984
22,84,4,0.13896461
23,84,3,0.5201276
24,84,4,0.5569781
25,84,4,1.117696
26,84,4,2.2695365
27,84,4,4.454045
28,84,4,9.1173
29,84,4,18.062677
30,84,4,35.667694
31,84,4,64.22706
32,84,4,96.0605
1,85,1,3e-7
2,85,1,0.000001
3,85,1,0.0000022
4,85,2,0.0000022
5,85,2,0.0000044
6,85,2,0.0000084
7,85,2,0.0000167
8,85,3,0.0000176
9,85,2,0.000061
10,85,3,0.0000671
11,85,3,0.0001325
12,85,3,0.0002617
13,85,2,0.001069
14,85,3,0.0010453
15,85,3,0.002063
16,85,3,0.0040895
17,85,3,0.0083791
18,85,3,0.0167206
19,85,4,0.018011
20,85,3,0.0662349
21,85,4,0.070475504
22,85,3,0.266578
23,85,4,0.2806265
24,85,3,1.0563097
25,85,4,1.1191298
26,85,4,2.2440937
27,85,4,4.5267825
28,85,4,8.939981
29,85,4,17.988068
30,85,4,34.50443
31,85,5,34.48088
32,85,4,98.53476
1,86,1,4e-7
2,86,2,4e-7
3,86,2,0.0000011
4,86,3,0.0000013
5,86,2,0.0000044
6,86,2,0.0000084
7,86,3,0.0000085
8,86,3,0.000017
9,86,3,0.0000332
10,86,3,0.0000652
11,86,3,0.0001302
12,86,3,0.0002558
13,86,3,0.0005476
14,86,3,0.0010375
15,86,3,0.0020918
16,86,3,0.0041701
17,86,4,0.0051293
18,86,3,0.0184671
19,86,3,0.0329626
20,86,4,0.0352347
21,86,3,0.13041711
22,86,4,0.1386085
23,86,4,0.2812798
24,86,4,0.5508117
25,86,4,1.1180372
26,86,4,2.2493095
27,86,5,2.3972359
28,86,4,8.978082
29,86,4,17.881672
30,86,4,34.6391
31,86,4,58.36195
32,86,5,53.161297
1,87,1,2e-7
2,87,1,0.0000011
3,87,1,0.0000022
4,87,2,0.0000023
5,87,3,0.0000021
6,87,2,0.0000092
7,87,2,0.000016
8,87,3,0.0000303
9,87,3,0.0000476
10,87,3,0.000068
11,87,3,0.0001367
12,87,3,0.0002719
13,87,3,0.0005308
14,87,3,0.0010742
15,87,3,0.0042206
16,87,4,0.0022526
17,87,4,0.0045094
18,87,3,0.0172278
19,87,4,0.0182557
20,87,3,0.073419906
21,87,5,0.0377438
22,87,4,0.1427976
23,87,3,0.54329133
24,87,3,1.0905447
25,87,4,1.1486079
26,87,4,2.2904427
27,87,4,4.613526
28,87,4,9.200508
29,87,4,18.424515
30,87,4,37.196247
31,87,4,73.64444
32,87,4,146.20995
1,88,1,4e-7
2,88,1,0.0000013
3,88,1,0.0000025
4,88,2,0.0000024
5,88,2,0.0000046
6,88,2,0.0000086
7,88,3,0.0000094
8,88,2,0.0000326
9,88,2,0.000063
10,88,2,0.0001238
11,88,4,0.0000724
12,88,3,0.0002674
13,88,3,0.000534
14,88,3,0.0056861
15,88,4,0.0011329
16,88,3,0.0042668
17,88,3,0.0085386
18,88,3,0.0171709
19,88,4,0.0182019
20,88,4,0.0365021
21,88,3,0.1372627
22,88,4,0.1491643
23,88,4,0.2892378
24,88,4,0.5779184
25,88,3,2.191863
26,88,4,2.3154376
27,88,4,4.595037
28,88,4,9.252638
29,88,4,18.67254
30,88,4,36.859932
31,88,4,74.39503
32,88,4,149.17104
1,89,1,3e-7
2,89,1,0.0000012
3,89,2,0.0000013
4,89,2,0.0000024
5,89,2,0.0000047
6,89,2,0.0000088
7,89,2,0.0000171
8,89,3,0.0000183
9,89,2,0.0000653
10,89,2,0.0001253
11,89,3,0.000135
12,89,3,0.0002662
13,89,3,0.0005369
14,89,3,0.0010674
15,89,3,0.0021293
16,89,3,0.0042589
17,89,3,0.0091338
18,89,3,0.0175932
19,89,4,0.0189616
20,89,4,0.0378464
21,89,4,0.0727166
22,89,4,0.1521054
23,89,4,0.3013684
24,89,4,0.5937595
25,89,3,2.2149954
26,89,4,2.326342
27,89,4,4.724482
28,89,4,9.429768
29,89,4,18.558758
30,89,4,37.37512
31,89,4,73.95575
32,89,4,149.58952
1,90,1,4e-7
2,90,2,4e-7
3,90,2,0.0000013
4,90,2,0.0000025
5,90,2,0.0000049
6,90,3,0.0000052
7,90,2,0.0000178
8,90,2,0.0000332
9,90,3,0.0000353
10,90,3,0.0000709
11,90,4,0.0000723
12,90,3,0.0002804
13,90,3,0.0005523
14,90,3,0.001102
15,90,3,0.0022774
16,90,3,0.0044295
17,90,4,0.0046986
18,90,3,0.0175807
19,90,3,0.0345647
20,90,4,0.0361459
21,90,4,0.0721794
22,90,4,0.1504177
23,90,3,0.5549879
24,90,3,1.0991573
25,90,4,1.171365
26,90,4,2.3456519
27,90,5,2.4948914
28,90,4,9.322861
29,90,4,18.474924
30,90,4,37.39879
31,90,4,74.312416
32,90,4,151.92793
1,91,1,4e-7
2,91,1,0.0000014
3,91,2,0.0000011
4,91,2,0.0000025
5,91,2,0.0000043
6,91,2,0.0000086
7,91,2,0.000017
8,91,2,0.0000327
9,91,3,0.0000356
10,91,3,0.0000685
11,91,2,0.000244
12,91,3,0.0049111
13,91,4,0.0002856
14,91,3,0.0010601
15,91,3,0.0021812
16,91,4,0.0023133
17,91,3,0.0085487
18,91,4,0.0091501
19,91,3,0.0342455
20,91,3,0.0688342
21,91,4,0.0737219
22,91,4,0.151315
23,91,4,0.29369742
24,91,4,0.58793336
25,91,6,0.3272343
26,91,4,2.334537
27,91,4,4.6519184
28,91,4,9.371813
29,91,3,34.98676
30,91,4,36.896835
31,91,4,72.4336
32,91,5,76.86673
1,92,1,5e-7
2,92,1,0.0000012
3,92,2,0.0000012
4,92,3,0.0000014
5,92,2,0.0000045
6,92,2,0.0000085
7,92,2,0.0000161
8,92,3,0.0000176
9,92,2,0.0000614
10,92,3,0.0000664
11,92,3,0.0001327
12,92,3,0.0002614
13,92,2,0.0009453
14,92,3,0.0010315
15,92,3,0.0020595
16,92,3,0.0041392
17,92,3,0.0083738
18,92,4,0.0087195
19,92,4,0.0175954
20,92,3,0.0658429
21,92,3,0.131696
22,92,3,0.262532
23,92,4,0.2826419
24,92,4,0.5601318
25,92,4,1.122446
26,92,4,2.229458
27,92,4,4.450218
28,92,4,8.87525
29,92,4,17.810814
30,92,4,35.872124
31,92,5,38.33462
32,92,4,144.41277
1,93,1,4e-7
2,93,1,0.0000011
3,93,1,0.0000024
4,93,2,0.0000026
5,93,2,0.0000045
6,93,2,0.0000084
7,93,2,0.0000166
8,93,3,0.0000181
9,93,3,0.0000347
10,93,3,0.0000708
11,93,3,0.0001212
12,93,3,0.0002846
13,93,4,0.0003552
14,93,3,0.0010759
15,93,4,0.0019279
16,93,4,0.0022527
17,93,4,0.0045171
18,93,4,0.0092849
19,93,4,0.0183642
20,93,4,0.0366237
21,93,3,0.1394521
22,93,3,0.2733246
23,93,3,0.5516221
24,93,4,0.57675713
25,93,4,1.1727068
26,93,4,2.3116302
27,93,4,4.6472116
28,93,4,9.353667
29,93,4,18.673182
30,93,4,37.16858
31,93,4,72.88153
32,93,4,143.55032
1,94,1,4e-7
2,94,2,4e-7
3,94,2,0.0000012
4,94,2,0.0000023
5,94,2,0.0000044
6,94,2,0.0000087
7,94,2,0.0000162
8,94,3,0.0000179
9,94,2,0.0000613
10,94,3,0.0000675
11,94,3,0.0001323
12,94,3,0.0002601
13,94,3,0.0005225
14,94,3,0.0010403
15,94,3,0.0020873
16,94,3,0.0041422
17,94,3,0.008263
18,94,4,0.009495
19,94,3,0.0330342
20,94,3,0.0660096
21,94,3,0.1377595
22,94,4,0.14032061
23,94,4,0.2800413
24,94,3,1.041602
25,94,3,2.1091828
26,94,3,4.204296
27,94,4,4.5062766
28,94,4,9.041255
29,94,4,17.940176
30,94,4,35.915447
31,94,4,71.63992
32,94,4,145.3227
1,95,1,5e-7
2,95,1,0.0000011
3,95,2,0.0000012
4,95,2,0.0000022
5,95,2,0.0000042
6,95,3,0.0000046
7,95,2,0.0000167
8,95,3,0.0000144
9,95,3,0.0000343
10,95,3,0.0000665
11,95,2,0.0002435
12,95,3,0.0002628
13,95,3,0.0005192
14,95,3,0.0010394
15,95,3,0.0020846
16,95,3,0.0044384
17,95,3,0.0083056
18,95,4,0.0097308
19,95,3,0.0333418
20,95,3,0.0667025
21,95,3,0.1313342
22,95,4,0.13761821
23,95,4,0.2790146
24,95,4,0.5791752
25,95,5,0.61688036
26,95,4,2.2368748
27,95,4,4.5363603
28,95,4,8.873421
29,95,4,18.125225
30,95,4,35.611263
31,95,4,72.45207
32,95,4,139.72144
1,96,1,3e-7
2,96,2,4e-7
3,96,2,0.0000011
4,96,2,0.0000022
5,96,2,0.0000042
6,96,2,0.0000082
7,96,3,0.0000091
8,96,2,0.000031
9,96,3,0.0000335
10,96,2,0.0001212
11,96,3,0.0001319
12,96,3,0.0002614
13,96,3,0.0005128
14,96,3,0.0010414
15,96,3,0.0020982
16,96,3,0.0042073
17,96,4,0.0043714
18,96,3,0.0166601
19,96,3,0.0332479
20,96,4,0.0352014
21,96,3,0.1308989
22,96,4,0.1436332
23,96,3,0.5222898
24,96,4,0.5610122
25,96,4,1.1086599
26,96,4,2.2249641
27,96,4,4.4561186
28,96,3,16.88583
29,96,4,17.964779
30,96,4,35.97981
31,96,4,72.50292
32,96,4,144.28453
1,97,1,3e-7
2,97,1,0.0000011
3,97,1,0.0000023
4,97,2,0.0000022
5,97,3,0.0000023
6,97,2,0.0000083
7,97,2,0.000016
8,97,3,0.0000173
9,97,2,0.0000612
10,97,2,0.0001232
11,97,2,0.0002361
12,97,4,0.0001359
13,97,3,0.000521
14,97,4,0.0005564
15,97,3,0.0020654
16,97,3,0.0041594
17,97,4,0.0043684
18,97,4,0.0088525
19,97,3,0.0331281
20,97,4,0.0345841
21,97,3,0.1312965
22,97,4,0.13882129
23,97,5,0.1502252
24,97,4,0.58375984
25,97,4,1.11128
26,97,4,2.233247
27,97,4,4.5113916
28,97,3,16.907759
29,97,4,17.867002
30,97,4,35.932575
31,97,4,71.65074
32,97,4,121.58862
1,98,1,3e-7
2,98,1,0.0000011
3,98,1,0.0000021
4,98,2,0.0000023
5,98,2,0.0000047
6,98,3,0.0000046
7,98,3,0.0000092
8,98,3,0.000018
9,98,3,0.0000345
10,98,3,0.0000679
11,98,2,0.0002507
12,98,3,0.0002593
13,98,4,0.0002739
14,98,3,0.0010346
15,98,3,0.0020738
16,98,4,0.0024131
17,98,3,0.0082721
18,98,4,0.008883
19,98,3,0.0331345
20,98,3,0.0659663
21,98,3,0.1318245
22,98,4,0.1393876
23,98,4,0.2832022
24,98,4,0.5539251
25,98,4,1.1304659
26,98,4,2.2635717
27,98,4,4.50955
28,98,4,8.923535
29,98,4,18.035166
30,98,4,35.54198
31,98,4,72.41454
32,98,4,140.92328
1,99,1,4e-7
2,99,1,0.0000011
3,99,1,0.000002
4,99,2,0.0000022
5,99,2,0.0000046
6,99,2,0.0000084
7,99,3,0.0000092
8,99,3,0.0000175
9,99,4,0.0000187
10,99,3,0.0000672
11,99,2,0.0002423
12,99,4,0.0001401
13,99,3,0.0005285
14,99,3,0.0010356
15,99,3,0.0021123
16,99,3,0.0042398
17,99,3,0.0083526
18,99,3,0.0167272
19,99,4,0.0176846
20,99,4,0.035074
21,99,3,0.1336193
22,99,3,0.2647644
23,99,4,0.2779615
24,99,3,1.0817083
25,99,4,1.1338719
26,99,4,2.23419
27,99,4,4.486942
28,99,5,4.8958564
29,99,3,33.975872
30,99,4,35.45848
31,99,4,61.23719
32,99,4,95.87969
