1,0,1,0.0000064
2,0,1,9e-7
3,0,2,0.000001
4,0,2,0.0000015
5,0,2,0.0000026
6,0,3,0.0000032
7,0,2,0.0000096
8,0,2,0.0000153
9,0,3,0.0000223
10,0,3,0.000051
11,0,2,0.000182
12,0,3,0.0001477
13,0,3,0.0002805
14,0,4,0.0002888
15,0,4,0.0009413
16,0,4,0.0017527
17,0,4,0.0035059
18,0,4,0.0072232
19,0,4,0.014308
20,0,4,0.0289372
21,0,5,0.0313984
22,0,5,0.0609273
23,0,6,0.0652906
24,0,5,0.2586057
25,0,5,0.5165447
26,0,6,0.5477094
27,0,6,1.1124703
28,0,6,2.2459743
29,0,7,2.4474902
30,0,7,4.907673
31,0,8,5.1473913
32,0,8,10.514481
33,0,8,21.717577
34,0,8,44.40938
35,0,8,90.3202
1,1,1,3e-7
2,1,1,8e-7
3,1,2,9e-7
4,1,2,0.0000013
5,1,2,0.0000023
6,1,3,0.0000029
7,1,3,0.0000052
8,1,3,0.000009
9,1,3,0.0000258
10,1,3,0.0000329
11,1,3,0.0001193
12,1,3,0.0001809
13,1,4,0.0002146
14,1,3,0.0008342
15,1,4,0.000887
16,1,3,0.0033366
17,1,4,0.0036285
18,1,5,0.0038975
19,1,4,0.0143004
20,1,5,0.0153431
21,1,5,0.0304413
22,1,5,0.0613735
23,1,5,0.1248258
24,1,5,0.2562229
25,1,6,0.27882117
26,1,6,0.5535648
27,1,6,1.0946459
28,1,6,2.208438
29,1,6,4.687211
30,1,7,4.860502
31,1,8,5.1544676
32,1,7,20.57925
33,1,8,22.080103
34,1,8,45.069252
35,1,8,92.07265
1,2,1,2e-7
2,2,1,8e-7
3,2,1,0.0000018
4,2,2,0.0000019
5,2,3,0.000002
6,2,2,0.0000082
7,2,3,0.0000092
8,2,2,0.0000316
9,2,3,0.0000344
10,2,3,0.0000673
11,2,3,0.0001307
12,2,3,0.0002671
13,2,3,0.0005324
14,2,4,0.0005654
15,2,3,0.0019415
16,2,4,0.0022705
17,2,4,0.0045502
18,2,4,0.0090552
19,2,4,0.0181651
20,2,4,0.040083
21,2,5,0.0396079
22,2,6,0.0408222
23,2,6,0.07896689
24,2,5,0.3097949
25,2,6,0.33312678
26,2,7,0.3391122
27,2,6,1.3219767
28,2,7,1.3512846
29,2,7,2.7123203
30,2,7,5.605695
31,2,6,21.09807
32,2,7,22.48173
33,2,8,24.046553
34,2,8,51.6573
35,2,8,105.37862
1,3,1,2e-7
2,3,2,3e-7
3,3,1,0.0000016
4,3,2,0.0000015
5,3,2,0.0000022
6,3,2,0.0000048
7,3,3,0.0000045
8,3,3,0.000009
9,3,3,0.0000164
10,3,3,0.0000515
11,3,3,0.0000665
12,3,3,0.0001824
13,3,3,0.0002781
14,3,3,0.0007802
15,3,4,0.0009574
16,3,3,0.003349
17,3,5,0.0019251
18,3,5,0.0038656
19,3,5,0.0077422
20,3,5,0.0153208
21,3,6,0.0164722
22,3,5,0.0622859
23,3,5,0.12260871
24,3,5,0.2534372
25,3,6,0.2768869
26,3,6,0.5479875
27,3,7,0.5863013
28,3,7,1.1855977
29,3,6,4.518343
30,3,7,4.8628373
31,3,7,9.819496
32,3,8,10.816868
33,3,8,21.998463
34,3,8,44.84394
35,3,8,91.64698
1,4,1,3e-7
2,4,1,0.000001
3,4,1,0.0000021
4,4,1,0.000004
5,4,2,0.0000045
6,4,3,0.0000046
7,4,3,0.000009
8,4,2,0.0000328
9,4,2,0.0000622
10,4,3,0.0000686
11,4,3,0.0001333
12,4,4,0.0001432
13,4,3,0.0005399
14,4,2,0.0019598
15,4,3,0.0021595
16,4,4,0.0022109
17,4,5,0.0022157
18,4,4,0.0088273
19,4,4,0.0180778
20,4,5,0.0188274
21,4,5,0.0389008
22,4,6,0.0405547
23,4,5,0.1525244
24,4,6,0.1664177
25,4,6,0.3301423
26,4,6,0.6624375
27,4,6,1.2931229
28,4,7,1.3941073
29,4,7,2.7326424
30,4,7,5.4848723
31,4,7,10.888252
32,4,7,21.81459
33,4,7,46.762863
34,4,8,54.394833
35,4,8,102.529724
1,5,1,4e-7
2,5,1,0.0000012
3,5,2,0.0000012
4,5,3,0.0000014
5,5,1,0.0000087
6,5,2,0.0000093
7,5,3,0.0000094
8,5,4,0.0000111
9,5,2,0.0000668
10,5,3,0.0000733
11,5,3,0.0001452
12,5,3,0.0003144
13,5,3,0.0052564
14,5,4,0.0006084
15,5,3,0.0022672
16,5,4,0.0024176
17,5,4,0.0048909
18,5,4,0.0096816
19,5,4,0.0192939
20,5,5,0.0206928
21,5,6,0.0223292
22,5,5,0.095286705
23,5,5,0.2020012
24,5,6,0.2288746
25,5,6,0.4431874
26,5,7,0.41288197
27,5,6,1.4266287
28,5,7,1.4846745
29,5,6,6.666545
30,5,6,11.731274
31,5,6,24.861538
32,5,8,12.352497
33,5,7,49.58395
34,5,7,100.65186
35,5,8,103.87082
1,6,1,3e-7
2,6,1,7e-7
3,6,1,0.0000014
4,6,2,0.0000016
5,6,2,0.0000023
6,6,1,0.0000077
7,6,2,0.0000079
8,6,3,0.0000088
9,6,2,0.0000324
10,6,3,0.0000415
11,6,3,0.0000718
12,6,4,0.0000899
13,6,3,0.0002726
14,6,5,0.0002077
15,6,3,0.0014419
16,6,4,0.0015125
17,6,5,0.0019003
18,6,4,0.0070833
19,6,6,0.0041057
20,6,5,0.0158942
21,6,5,0.0307308
22,6,5,0.0607496
23,6,7,0.0343193
24,6,6,0.1313115
25,6,6,0.27336028
26,6,7,0.30654758
27,6,6,1.1039308
28,6,7,1.1556032
29,6,6,4.626121
30,6,7,4.9247785
31,6,7,10.003164
32,6,8,10.6271305
33,6,8,22.022415
34,6,8,44.729107
35,6,8,91.25448
1,7,1,3e-7
2,7,1,8e-7
3,7,1,0.0000016
4,7,2,0.0000014
5,7,2,0.0000023
6,7,2,0.0000044
7,7,3,0.000005
8,7,2,0.0000156
9,7,3,0.0000238
10,7,3,0.0000335
11,7,3,0.0000697
12,7,3,0.000132
13,7,3,0.0002803
14,7,3,0.0005649
15,7,5,0.0003129
16,7,3,0.0024385
17,7,5,0.0015066
18,7,5,0.0037588
19,7,4,0.0144034
20,7,6,0.0081343
21,7,6,0.0158224
22,7,5,0.0613633
23,7,6,0.0643815
24,7,5,0.2544344
25,7,5,0.525285
26,7,7,0.2921331
27,7,6,1.1192362
28,7,6,2.2093122
29,7,7,2.4735577
30,7,8,2.6194801
31,7,8,5.2132955
32,7,7,20.439371
33,7,8,22.084574
34,7,7,87.05989
35,7,8,91.69774
1,8,1,3e-7
2,8,1,0.0000011
3,8,2,0.0000011
4,8,1,0.000004
5,8,2,0.0000044
6,8,2,0.0000083
7,8,2,0.0000167
8,8,3,0.0000175
9,8,3,0.0000345
10,8,3,0.0000661
11,8,3,0.0001293
12,8,3,0.0002581
13,8,3,0.0005165
14,8,4,0.0005603
15,8,4,0.0020977
16,8,4,0.0022446
17,8,4,0.0044541
18,8,5,0.0049344
19,8,4,0.0181602
20,8,5,0.0196706
21,8,5,0.0374064
22,8,6,0.040282
23,8,5,0.1536506
24,8,5,0.3035344
25,8,7,0.1691089
26,8,6,0.6455871
27,8,6,1.2954644
28,8,7,1.3453968
29,8,6,5.150935
30,8,7,5.4217925
31,8,8,5.7216935
32,8,8,11.602321
33,8,7,43.69341
34,8,8,51.670876
35,8,9,53.801632
1,9,1,3e-7
2,9,2,3e-7
3,9,1,0.0000017
4,9,1,0.0000029
5,9,2,0.0000029
6,9,2,0.000005
7,9,2,0.000008
8,9,2,0.0000181
9,9,2,0.0000428
10,9,3,0.000052
11,9,2,0.0001301
12,9,2,0.0003131
13,9,3,0.0004144
14,9,4,0.0004466
15,9,3,0.0017094
16,9,4,0.0017636
17,9,4,0.0036633
18,9,5,0.0038518
19,9,4,0.01443
20,9,5,0.0152538
21,9,5,0.0306921
22,9,5,0.0620234
23,9,5,0.1236523
24,9,5,0.2543952
25,9,6,0.2859442
26,9,6,0.551245
27,9,6,1.0956471
28,9,6,2.217453
29,9,7,2.496613
30,9,7,4.8133445
31,9,8,5.1918616
32,9,7,20.605518
33,9,8,22.18678
34,9,9,23.214779
35,9,8,90.42292
1,10,1,3e-7
2,10,1,8e-7
3,10,2,8e-7
4,10,2,0.0000016
5,10,2,0.0000029
6,10,2,0.0000045
7,10,3,0.0000048
8,10,3,0.000009
9,10,2,0.0000302
10,10,3,0.0000345
11,10,3,0.0000696
12,10,3,0.0001364
13,10,3,0.0002682
14,10,3,0.0008568
15,10,3,0.0013811
16,10,4,0.0017598
17,10,4,0.0035853
18,10,4,0.0082905
19,10,4,0.0143891
20,10,6,0.0081979
21,10,5,0.028789
22,10,5,0.0606011
23,10,6,0.0642212
24,10,5,0.2572571
25,10,6,0.2755007
26,10,7,0.28913638
27,10,6,1.0914568
28,10,7,1.179648
29,10,7,2.4276507
30,10,6,9.322044
31,10,7,10.01025
32,10,8,10.892063
33,10,8,21.686504
34,10,10,12.149134
35,10,8,89.26686
1,11,1,3e-7
2,11,1,0.000001
3,11,2,0.0000012
4,11,2,0.0000022
5,11,2,0.0000044
6,11,3,0.0000047
7,11,2,0.0000159
8,11,3,0.0000185
9,11,3,0.000035
10,11,2,0.000125
11,11,3,0.0001363
12,11,2,0.0004912
13,11,3,0.0005346
14,11,3,0.0030407
15,11,4,0.001135
16,11,4,0.0024041
17,11,3,0.0084701
18,11,4,0.0092932
19,11,4,0.0180424
20,11,4,0.0350404
21,11,6,0.0201585
22,11,5,0.0758193
23,11,5,0.149662
24,11,7,0.0845908
25,11,6,0.3250523
26,11,7,0.3319678
27,11,6,1.2715566
28,11,6,2.584059
29,11,7,2.7265925
30,11,7,5.3984632
31,11,7,10.863221
32,11,7,21.844933
33,11,9,12.178917
34,11,8,47.94895
35,11,9,53.872253
1,12,1,0.0000213
2,12,1,0.0000011
3,12,2,9e-7
4,12,2,0.0000012
5,12,2,0.0000023
6,12,3,0.0000031
7,12,2,0.0000095
8,12,3,0.0000108
9,12,3,0.000017
10,12,2,0.0000684
11,12,3,0.0000694
12,12,3,0.0001302
13,12,3,0.0002902
14,12,3,0.0005982
15,12,5,0.0004852
16,12,4,0.0017402
17,12,4,0.0034952
18,12,4,0.0071374
19,12,5,0.0077004
20,12,5,0.0153807
21,12,6,0.0164942
22,12,6,0.0328674
23,12,6,0.0631709
24,12,7,0.0689738
25,12,6,0.2722667
26,12,6,0.55027467
27,12,7,0.57878506
28,12,7,1.1863776
29,12,7,2.390112
30,12,6,9.226476
31,12,8,5.153907
32,12,8,10.622915
33,12,7,42.15662
34,12,8,45.496475
35,12,9,47.945427
1,13,1,3e-7
2,13,1,0.000001
3,13,1,0.000002
4,13,2,0.0000021
5,13,2,0.0000041
6,13,2,0.0000083
7,13,3,0.000009
8,13,2,0.0000325
9,13,2,0.0000634
10,13,3,0.0000697
11,13,3,0.0001354
12,13,3,0.0002679
13,13,3,0.0005309
14,13,3,0.0010596
15,13,3,0.0021445
16,13,4,0.0022549
17,13,4,0.0044774
18,13,4,0.0090742
19,13,4,0.0180306
20,13,5,0.0191334
21,13,5,0.0378581
22,13,5,0.0753232
23,13,5,0.1515724
24,13,7,0.0870724
25,13,5,0.60903215
26,13,6,0.64291966
27,13,5,2.4409616
28,13,6,2.5884576
29,13,7,2.706203
30,13,8,2.883258
31,13,7,10.924316
32,13,8,11.515522
33,13,8,23.179008
34,13,8,46.76654
35,13,8,102.65261
1,14,1,4e-7
2,14,2,4e-7
3,14,2,0.0000012
4,14,2,0.000002
5,14,2,0.0000041
6,14,1,0.0000149
7,14,3,0.0000093
8,14,2,0.0000337
9,14,2,0.0000662
10,14,3,0.0000728
11,14,3,0.0001426
12,14,3,0.0002853
13,14,3,0.0005665
14,14,3,0.0011256
15,14,3,0.0022601
16,14,4,0.0023686
17,14,5,0.0026005
18,14,6,0.0027361
19,14,5,0.0102568
20,14,6,0.0156242
21,14,5,0.0504337
22,14,5,0.111126095
23,14,6,0.103380896
24,14,5,0.41806772
25,14,6,0.4077395
26,14,6,0.7740333
27,14,6,1.6524991
28,14,7,1.6496319
29,14,7,3.6525216
30,14,7,6.0992684
31,14,7,11.782001
32,14,7,25.344028
33,14,8,25.9278
34,14,8,51.754906
35,14,9,52.886566
1,15,1,4e-7
2,15,1,0.0000011
3,15,2,0.0000012
4,15,3,0.0000012
5,15,2,0.0000044
6,15,2,0.0000084
7,15,2,0.0000161
8,15,3,0.0000174
9,15,2,0.0000615
10,15,3,0.0000684
11,15,3,0.0001375
12,15,3,0.0002645
13,15,3,0.0005336
14,15,4,0.0005697
15,15,3,0.0021116
16,15,4,0.0022569
17,15,4,0.0088124
18,15,5,0.0048066
19,15,4,0.0181493
20,15,5,0.019359
21,15,5,0.0377774
22,15,6,0.0401052
23,15,5,0.15721071
24,15,6,0.1615428
25,15,6,0.331053
26,15,6,0.65476304
27,15,6,1.3147798
28,15,7,1.3659279
29,15,7,2.697246
30,15,8,2.939529
31,15,8,5.786814
32,15,8,11.511528
33,15,8,23.108107
34,15,8,49.944775
35,15,8,99.64974
1,16,1,6e-7
2,16,1,9e-7
3,16,1,0.0000021
4,16,2,0.0000023
5,16,2,0.0000045
6,16,2,0.000009
7,16,2,0.000017
8,16,3,0.0000194
9,16,2,0.0000624
10,16,3,0.0000662
11,16,3,0.0001441
12,16,3,0.0002896
13,16,3,0.0005484
14,16,4,0.0005412
15,16,4,0.0010888
16,16,4,0.0024135
17,16,4,0.0041965
18,16,4,0.0093933
19,16,5,0.0103512
20,16,5,0.0206173
21,16,4,0.1057291
22,16,5,0.0882701
23,16,5,0.1937985
24,16,6,0.2071404
25,16,6,0.4389877
26,16,6,0.87716264
27,16,6,1.7685714
28,16,7,1.8946416
29,16,7,3.102957
30,16,7,6.1899977
31,16,7,11.330295
32,16,7,24.905806
33,16,7,50.85729
34,16,9,26.984108
35,16,8,106.8042
1,17,1,5e-7
2,17,2,5e-7
3,17,1,0.0000023
4,17,2,0.0000025
5,17,2,0.0000047
6,17,3,0.000005
7,17,3,0.000013
8,17,3,0.0000193
9,17,2,0.0000666
10,17,3,0.0000725
11,17,3,0.0001444
12,17,3,0.0002843
13,17,3,0.0006058
14,17,3,0.001002
15,17,3,0.0020227
16,17,4,0.0021668
17,17,5,0.0026222
18,17,4,0.0098492
19,17,4,0.0194561
20,17,5,0.0206954
21,17,6,0.0212349
22,17,6,0.0446952
23,17,6,0.0839008
24,17,5,0.43360418
25,17,7,0.2028723
26,17,7,0.4631741
27,17,7,0.9158708
28,17,7,1.858525
29,17,7,3.7665195
30,17,7,6.5747576
31,17,8,7.5545464
32,17,9,7.235646
33,17,8,25.923248
34,17,8,52.859745
35,17,9,54.13162
1,18,1,3e-7
2,18,1,0.000001
3,18,2,0.0000011
4,18,2,0.0000023
5,18,2,0.0000045
6,18,2,0.0000086
7,18,2,0.0000167
8,18,2,0.0000324
9,18,3,0.0000352
10,18,3,0.0000678
11,18,3,0.0001344
12,18,3,0.0002643
13,18,3,0.000531
14,18,4,0.0005692
15,18,3,0.0023241
16,18,4,0.0021906
17,18,4,0.005062
18,18,4,0.0090565
19,18,4,0.0181752
20,18,6,0.0103752
21,18,4,0.0725965
22,18,5,0.0764645
23,18,6,0.0802612
24,18,6,0.1683668
25,18,5,0.6081721
26,18,6,0.6549658
27,18,8,0.3605983
28,18,7,1.3854278
29,18,8,1.4282336
30,18,8,2.8632226
31,18,8,5.773171
32,18,8,11.614328
33,18,7,44.235153
34,18,8,50.04332
35,18,9,54.26076
1,19,1,3e-7
2,19,1,0.000001
3,19,2,0.0000015
4,19,2,0.0000021
5,19,3,0.0000024
6,19,3,0.0000048
7,19,2,0.000016
8,19,3,0.0000168
9,19,2,0.0000647
10,19,2,0.0001279
11,19,3,0.0001394
12,19,3,0.0002825
13,19,3,0.0005717
14,19,3,0.0011193
15,19,3,0.0022724
16,19,3,0.004523
17,19,4,0.0048605
18,19,4,0.0095668
19,19,4,0.0228813
20,19,5,0.0181534
21,19,5,0.0632916
22,19,5,0.109977506
23,19,5,0.2424109
24,19,6,0.1979739
25,19,5,0.8272708
26,19,6,0.87092626
27,19,7,0.7278599
28,19,6,2.571033
29,19,7,3.1986177
30,19,9,1.8849392
31,19,8,6.712882
32,19,7,24.530338
33,19,8,27.73851
34,19,8,49.383934
35,19,8,109.66553
1,20,1,2e-7
2,20,1,9e-7
3,20,1,0.0000021
4,20,2,0.0000022
5,20,2,0.0000045
6,20,2,0.000008
7,20,2,0.0000179
8,20,3,0.0000184
9,20,2,0.0000657
10,20,2,0.000131
11,20,3,0.0001435
12,20,3,0.0002844
13,20,3,0.0005513
14,20,3,0.021137
15,20,3,0.0022584
16,20,3,0.0040588
17,20,3,0.0080019
18,20,5,0.0052182
19,20,4,0.0182201
20,20,5,0.02028
21,20,5,0.0611751
22,20,5,0.098552704
23,20,5,0.21962431
24,20,6,0.21524781
25,20,7,0.23645501
26,20,7,0.4831248
27,20,6,1.7587368
28,20,7,1.891717
29,20,7,3.581142
30,20,7,5.6961064
31,20,7,11.361443
32,20,8,14.858494
33,20,8,27.448175
34,20,8,55.51493
35,20,8,100.610535
1,21,1,4e-7
2,21,1,0.0000012
3,21,3,4e-7
4,21,2,0.0000023
5,21,2,0.0000046
6,21,2,0.000009
7,21,2,0.0000173
8,21,2,0.0000338
9,21,2,0.0000652
10,21,3,0.0000709
11,21,3,0.000137
12,21,3,0.0002709
13,21,3,0.0005471
14,21,4,0.0005911
15,21,4,0.0011737
16,21,5,0.001247
17,21,4,0.0056863
18,21,4,0.0096265
19,21,5,0.0100553
20,21,5,0.0200109
21,21,5,0.0401719
22,21,5,0.0804078
23,21,6,0.0893116
24,21,6,0.16851
25,21,6,0.3392066
26,21,6,0.6777223
27,21,6,1.4839127
28,21,7,1.4695704
29,21,6,6.4058304
30,21,8,3.1520436
31,21,7,12.60372
32,21,7,24.449053
33,21,8,28.078491
34,21,8,54.329235
35,21,9,55.691208
1,22,1,3e-7
2,22,2,4e-7
3,22,2,0.0000012
4,22,2,0.0000025
5,22,3,0.0000022
6,22,2,0.0000087
7,22,2,0.0000146
8,22,2,0.0000331
9,22,3,0.0000354
10,22,3,0.0000724
11,22,3,0.0001419
12,22,3,0.0002769
13,22,3,0.0005515
14,22,3,0.0010935
15,22,3,0.0171975
16,22,3,0.0043826
17,22,4,0.0046895
18,22,3,0.0175736
19,22,4,0.0372429
20,22,5,0.0299738
21,22,5,0.0498615
22,22,5,0.1016596
23,22,6,0.1023801
24,22,5,0.4152761
25,22,7,0.2156215
26,22,6,0.7316326
27,22,6,1.3842201
28,22,7,1.6912664
29,22,8,1.6803448
30,22,7,6.819435
31,22,8,7.0450635
32,22,8,12.704351
33,22,7,48.3425
34,22,9,26.557558
35,22,9,52.889973
1,23,1,3e-7
2,23,2,6e-7
3,23,1,0.0000024
4,23,2,0.0000025
5,23,2,0.0000043
6,23,2,0.0000071
7,23,3,0.0000093
8,23,2,0.0000334
9,23,2,0.0000654
10,23,3,0.0000723
11,23,2,0.000262
12,23,3,0.0002839
13,23,3,0.000566
14,23,4,0.0006065
15,23,4,0.0012029
16,23,4,0.0024057
17,23,4,0.0044871
18,23,4,0.0096009
19,23,5,0.0103255
20,23,5,0.0205917
21,23,5,0.0404097
22,23,6,0.0494925
23,23,5,0.1873236
24,23,5,0.3427857
25,23,6,0.3880891
26,23,6,0.70663625
27,23,7,0.8709197
28,23,6,2.8393328
29,23,6,5.7673025
30,23,6,11.833917
31,23,8,6.276837
32,23,7,25.622013
33,23,7,48.21069
34,23,7,99.560135
35,23,9,51.98474
1,24,1,4e-7
2,24,1,0.0000013
3,24,2,0.0000012
4,24,2,0.0000024
5,24,2,0.0000048
6,24,2,0.0000093
7,24,3,0.0000105
8,24,2,0.0000283
9,24,2,0.000066
10,24,3,0.0000746
11,24,3,0.000144
12,24,3,0.0002801
13,24,3,0.0005524
14,24,3,0.0010945
15,24,4,0.0011731
16,24,4,0.0021504
17,24,5,0.0025067
18,24,4,0.0094896
19,24,5,0.0118831
20,24,5,0.026902
21,24,5,0.0436081
22,24,5,0.08296
23,24,5,0.16418591
24,24,5,0.3361898
25,24,7,0.1815752
26,24,7,0.43855432
27,24,6,1.6257966
28,24,7,1.5042028
29,24,8,1.6252754
30,24,8,3.1752622
31,24,7,12.207106
32,24,7,26.33171
33,24,8,27.412285
34,24,7,101.38704
35,24,8,107.85258
1,25,1,4e-7
2,25,1,8e-7
3,25,2,8e-7
4,25,2,0.0000015
5,25,2,0.0000023
6,25,2,0.000006
7,25,2,0.0000301
8,25,2,0.0000161
9,25,3,0.0000262
10,25,2,0.0000595
11,25,3,0.0000716
12,25,2,0.0002909
13,25,3,0.0003058
14,25,3,0.0007486
15,25,4,0.0008531
16,25,3,0.0025752
17,25,3,0.0068724
18,25,5,0.0041509
19,25,4,0.0150497
20,25,5,0.0145314
21,25,6,0.0164488
22,25,6,0.0323413
23,25,6,0.0630558
24,25,6,0.1298977
25,25,6,0.27342862
26,25,6,0.5496741
27,25,7,0.5789843
28,25,6,2.2540603
29,25,7,2.4052315
30,25,8,2.550269
31,25,7,9.83274
32,25,8,10.65901
33,25,8,21.795149
34,25,8,44.178383
35,25,9,47.563168
1,26,1,3e-7
2,26,1,0.0000011
3,26,2,0.0000012
4,26,1,0.0000041
5,26,2,0.0000044
6,26,2,0.0000085
7,26,3,0.0000094
8,26,2,0.0000313
9,26,2,0.0000611
10,26,3,0.0000671
11,26,3,0.0001297
12,26,3,0.0002605
13,26,3,0.0005115
14,26,3,0.0010359
15,26,3,0.0020611
16,26,4,0.0021783
17,26,4,0.0043753
18,26,4,0.0088751
19,26,5,0.0093207
20,26,6,0.0100616
21,26,5,0.0377304
22,26,5,0.07531711
23,26,5,0.1512119
24,26,5,0.3006832
25,26,7,0.1680121
26,26,7,0.3460378
27,26,6,1.2776973
28,26,6,2.6005795
29,26,6,5.1416354
30,26,7,5.413436
31,26,8,5.8139553
32,26,7,22.105738
33,26,8,23.34589
34,26,8,46.11856
35,26,9,51.760544
1,27,1,5e-7
2,27,1,0.0000014
3,27,2,0.0000015
4,27,2,0.0000024
5,27,2,0.0000044
6,27,3,0.0000047
7,27,2,0.000016
8,27,2,0.0000296
9,27,3,0.0000329
10,27,2,0.0001174
11,27,3,0.0001244
12,27,2,0.0004628
13,27,3,0.0004918
14,27,4,0.0005219
15,27,4,0.0010968
16,27,4,0.0021799
17,27,4,0.0042122
18,27,5,0.0045312
19,27,4,0.0168904
20,27,5,0.0194819
21,27,5,0.0384852
22,27,7,0.0206484
23,27,5,0.1613373
24,27,6,0.16759901
25,27,6,0.3347041
26,27,6,0.6666585
27,27,6,1.2598071
28,27,6,2.6570477
29,27,7,2.8148074
30,27,8,2.9353197
31,27,7,13.938183
32,27,7,27.066921
33,27,7,50.06965
34,27,8,49.917843
35,27,8,109.30178
1,28,1,2e-7
2,28,1,0.0000015
3,28,1,0.0000019
4,28,1,0.000004
5,28,2,0.0000042
6,28,2,0.0000089
7,28,3,0.0000095
8,28,3,0.0000175
9,28,3,0.0000344
10,28,2,0.0001167
11,28,3,0.0001398
12,28,3,0.0002875
13,28,3,0.0005703
14,28,4,0.0006009
15,28,4,0.001204
16,28,3,0.0040781
17,28,4,0.004819
18,28,5,0.0052257
19,28,5,0.0102246
20,28,5,0.0390253
21,28,5,0.0565404
22,28,6,0.0570103
23,28,6,0.08303431
24,28,6,0.2355997
25,28,5,0.6441008
26,28,7,0.4998508
27,28,6,1.7284968
28,28,7,1.8800554
29,28,8,1.8660398
30,28,7,7.5264635
31,28,8,7.0356765
32,28,7,25.689245
33,28,9,14.867875
34,28,7,101.961174
35,28,9,53.86636
1,29,1,3e-7
2,29,1,0.0000011
3,29,2,0.0000012
4,29,2,0.0000024
5,29,2,0.0000046
6,29,2,0.0000094
7,29,3,0.00001
8,29,3,0.0000199
9,29,3,0.000037
10,29,3,0.0000671
11,29,3,0.0001429
12,29,3,0.0002841
13,29,3,0.0005661
14,29,3,0.0011284
15,29,4,0.0012023
16,29,5,0.0013099
17,29,4,0.0048051
18,29,4,0.0096252
19,29,5,0.0104503
20,29,5,0.0200963
21,29,5,0.0414019
22,29,5,0.0932271
23,29,5,0.162766
24,29,5,0.4048447
25,29,6,0.42425478
26,29,6,0.6871824
27,29,6,1.4895452
28,29,8,0.88348657
29,29,7,3.2543972
30,29,8,3.3931022
31,29,7,12.000553
32,29,8,12.724131
33,29,8,25.627588
34,29,8,48.466133
35,29,8,102.09426
1,30,1,5e-7
2,30,1,0.000001
3,30,1,0.0000028
4,30,2,0.0000025
5,30,3,0.0000028
6,30,2,0.0000091
7,30,2,0.0000174
8,30,2,0.0000342
9,30,3,0.0000403
10,30,3,0.0000704
11,30,3,0.0001443
12,30,3,0.0016726
13,30,3,0.0005451
14,30,4,0.0005963
15,30,3,0.0021891
16,30,4,0.0024198
17,30,4,0.0048209
18,30,4,0.0098054
19,30,5,0.0173597
20,30,5,0.0212668
21,30,4,0.1089162
22,30,5,0.08695009
23,30,5,0.1722667
24,30,5,0.3901118
25,30,6,0.35934782
26,30,6,0.7241422
27,30,7,0.8007531
28,30,7,1.528363
29,30,7,3.5477662
30,30,7,6.989704
31,30,8,6.6769
32,30,7,23.875074
33,30,8,26.059223
34,30,8,49.273926
35,30,8,102.170876
1,31,1,4e-7
2,31,1,0.0000011
3,31,1,0.0000024
4,31,1,0.0000043
5,31,2,0.0000049
6,31,2,0.0000094
7,31,3,0.0000096
8,31,3,0.0002077
9,31,2,0.0000661
10,31,3,0.000074
11,31,3,0.0001442
12,31,3,0.000285
13,31,3,0.0005894
14,31,3,0.0011298
15,31,4,0.0012083
16,31,4,0.0204544
17,31,4,0.004807
18,31,5,0.0051887
19,31,4,0.0339056
20,31,5,0.0213781
21,31,6,0.0338505
22,31,5,0.1134005
23,31,7,0.054168
24,31,6,0.2090726
25,31,6,0.429361
26,31,6,0.8276765
27,31,7,0.7755847
28,31,6,3.0489354
29,31,7,3.0458846
30,31,8,3.0536494
31,31,7,13.04961
32,31,8,14.506202
33,31,8,25.458036
34,31,8,51.24692
35,31,8,103.78076
1,32,1,3e-7
2,32,1,0.0000012
3,32,2,0.0000012
4,32,2,0.0000021
5,32,2,0.0000044
6,32,2,0.0000082
7,32,3,0.0000096
8,32,2,0.0000332
9,32,3,0.0000372
10,32,3,0.0000717
11,32,3,0.0001386
12,32,3,0.000274
13,32,3,0.0005706
14,32,3,0.0011329
15,32,4,0.0012324
16,32,4,0.002985
17,32,4,0.0047101
18,32,4,0.0293806
19,32,5,0.0105525
20,32,5,0.0337452
21,32,5,0.0548831
22,32,6,0.0447471
23,32,5,0.2282776
24,32,6,0.220528
25,32,6,0.48144782
26,32,7,0.5015246
27,32,7,0.81593204
28,32,7,1.8308139
29,32,8,1.9219068
30,32,8,3.7369323
31,32,7,12.376792
32,32,8,12.650615
33,32,9,13.543595
34,32,8,54.121494
35,32,9,53.467552
1,33,1,2e-7
2,33,1,7e-7
3,33,2,9e-7
4,33,1,0.0000041
5,33,2,0.000004
6,33,2,0.0000084
7,33,3,0.0000093
8,33,3,0.0000186
9,33,3,0.0000353
10,33,3,0.0000696
11,33,3,0.0001378
12,33,3,0.0002709
13,33,3,0.0005462
14,33,4,0.0005839
15,33,4,0.0011803
16,33,6,0.0006694
17,33,4,0.0046457
18,33,4,0.009264
19,33,5,0.0099152
20,33,5,0.0334383
21,33,5,0.0428552
22,33,6,0.0429259
23,33,6,0.09663969
24,33,6,0.172734
25,33,5,0.78179765
26,33,6,0.7279858
27,33,6,1.4186811
28,33,7,1.5472295
29,33,7,2.960588
30,33,8,3.1340604
31,33,7,13.483747
32,33,7,23.383118
33,33,10,8.458811
34,33,9,26.492798
35,33,7,203.4828
1,34,1,5e-7
2,34,1,0.0000011
3,34,2,0.0000011
4,34,1,0.0000041
5,34,3,0.0000027
6,34,3,0.0000054
7,34,2,0.0000175
8,34,3,0.0000189
9,34,2,0.0000675
10,34,3,0.0000659
11,34,4,0.0000769
12,34,3,0.0002849
13,34,3,0.0005485
14,34,4,0.0006063
15,34,4,0.0012108
16,34,4,0.002331
17,34,4,0.0048285
18,34,4,0.0139804
19,34,6,0.0099151
20,34,5,0.0215083
21,34,6,0.0215296
22,34,5,0.1066583
23,34,6,0.08516151
24,34,6,0.218296
25,34,6,0.34775102
26,34,7,0.370948
27,34,6,1.4061065
28,34,7,1.4870985
29,34,6,5.6519375
30,34,7,6.0196056
31,34,8,6.2821307
32,34,8,13.02709
33,34,8,27.165243
34,34,8,54.577938
35,34,7,199.88383
1,35,1,5e-7
2,35,1,0.000001
3,35,1,0.0000022
4,35,2,0.000002
5,35,2,0.0000046
6,35,2,0.0000094
7,35,2,0.0000177
8,35,2,0.0000328
9,35,3,0.000034
10,35,3,0.0000733
11,35,3,0.0001262
12,35,3,0.0002842
13,35,4,0.0061586
14,35,3,0.0011339
15,35,4,0.0012039
16,35,4,0.0024255
17,35,4,0.0048312
18,35,4,0.0095355
19,35,4,0.0187995
20,35,5,0.0303979
21,35,6,0.0216134
22,35,6,0.0534854
23,35,6,0.1091166
24,35,6,0.2439728
25,35,7,0.21835129
26,35,6,0.8588655
27,35,6,1.6102419
28,35,7,1.8083347
29,35,6,6.496719
30,35,7,6.8715954
31,35,7,13.374936
32,35,8,13.508492
33,35,8,25.78288
34,35,7,103.64276
35,35,8,104.90108
1,36,1,5e-7
2,36,1,0.0000012
3,36,2,0.0000012
4,36,2,0.0000023
5,36,3,0.0000026
6,36,2,0.0000079
7,36,2,0.0000158
8,36,2,0.0000681
9,36,2,0.0000979
10,36,3,0.0001183
11,36,3,0.0001649
12,36,3,0.0002702
13,36,3,0.0005449
14,36,4,0.0006169
15,36,3,0.0019978
16,36,4,0.0023568
17,36,4,0.0046925
18,36,5,0.0049192
19,36,4,0.0184662
20,36,5,0.0275266
21,36,6,0.0208846
22,36,5,0.114414304
23,36,5,0.2154114
24,36,5,0.36054578
25,36,7,0.2343851
26,36,6,0.779882
27,36,6,1.6326803
28,36,7,1.7058733
29,36,6,5.6289387
30,36,7,6.4714766
31,36,9,3.8661642
32,36,7,25.865835
33,36,8,28.109936
34,36,9,27.321976
35,36,9,60.067654
1,37,1,2e-7
2,37,1,0.0000011
3,37,2,0.0000012
4,37,2,0.0000024
5,37,2,0.0000041
6,37,2,0.0000088
7,37,3,0.0000097
8,37,2,0.0000321
9,37,2,0.0000629
10,37,3,0.0000684
11,37,3,0.0001338
12,37,3,0.0002646
13,37,3,0.0005355
14,37,3,0.0010658
15,37,4,0.001139
16,37,4,0.0022654
17,37,4,0.0046686
18,37,4,0.0091099
19,37,4,0.0181672
20,37,5,0.0197158
21,37,6,0.0207019
22,37,6,0.041446
23,37,5,0.155946
24,37,5,0.3048955
25,37,6,0.350039
26,37,6,0.65711963
27,37,7,0.7117284
28,37,7,1.3967881
29,37,7,2.8129394
30,37,7,5.517145
31,37,7,11.356407
32,37,8,12.774838
33,37,8,26.068844
34,37,9,26.341341
35,37,8,104.08658
1,38,1,3e-7
2,38,1,0.0000012
3,38,1,0.0000021
4,38,2,0.0000024
5,38,2,0.0000047
6,38,2,0.0000091
7,38,2,0.0000176
8,38,2,0.0000346
9,38,3,0.0000371
10,38,3,0.0000709
11,38,3,0.0001458
12,38,3,0.0002837
13,38,3,0.0006857
14,38,3,0.0011332
15,38,4,0.0012102
16,38,4,0.0024484
17,38,4,0.0048494
18,38,4,0.00947
19,38,4,0.0202507
20,38,5,0.0206018
21,38,5,0.046143
22,38,6,0.0569224
23,38,6,0.1083088
24,38,6,0.21466249
25,38,6,0.4484311
26,38,6,0.90444624
27,38,7,0.8061982
28,38,7,1.6932452
29,38,7,3.0419426
30,38,7,6.3765535
31,38,9,3.9943235
32,38,7,26.180498
33,38,7,50.800404
34,38,7,101.045166
35,38,9,56.144665
1,39,1,4e-7
2,39,1,0.000001
3,39,1,0.000002
4,39,2,0.0000025
5,39,2,0.0000049
6,39,2,0.0000087
7,39,2,0.0000151
8,39,2,0.0000327
9,39,3,0.000036
10,39,3,0.0000696
11,39,3,0.0001381
12,39,3,0.0002743
13,39,3,0.0005701
14,39,3,0.0024971
15,39,4,0.0012266
16,39,4,0.0023486
17,39,4,0.004814
18,39,4,0.0097081
19,39,5,0.0104298
20,39,4,0.0389596
21,39,5,0.0472049
22,39,5,0.1053
23,39,6,0.1145482
24,39,5,0.4396545
25,39,5,0.8510864
26,39,6,0.87166756
27,39,6,1.7637582
28,39,7,1.9464246
29,39,7,3.4651809
30,39,8,3.4548852
31,39,8,6.9516473
32,39,9,6.601431
33,39,8,26.891136
34,39,8,53.982307
35,39,8,104.98537
1,40,1,4e-7
2,40,1,0.000001
3,40,2,0.000001
4,40,2,0.0000022
5,40,2,0.0000042
6,40,2,0.0000088
7,40,2,0.0000174
8,40,3,0.0000188
9,40,3,0.000037
10,40,3,0.0000728
11,40,3,0.0001386
12,40,3,0.0002821
13,40,3,0.0005612
14,40,3,0.0011218
15,40,4,0.0011944
16,40,4,0.0024017
17,40,4,0.0048759
18,40,4,0.0095989
19,40,4,0.0246192
20,40,5,0.0210876
21,40,6,0.0339027
22,40,6,0.0425091
23,40,5,0.1624224
24,40,6,0.1884615
25,40,6,0.3791177
26,40,6,0.6969862
27,40,7,0.8386769
28,40,6,2.821322
29,40,7,2.91913
30,40,8,3.1922605
31,40,8,6.195887
32,40,7,23.483074
33,40,7,52.06052
34,40,9,26.355515
35,40,7,196.04327
1,41,1,2e-7
2,41,1,0.0000011
3,41,2,0.0000011
4,41,2,0.0000025
5,41,2,0.0000045
6,41,2,0.0000241
7,41,3,0.0000109
8,41,3,0.0000869
9,41,2,0.000074
10,41,3,0.0000718
11,41,2,0.0003427
12,41,3,0.0002845
13,41,3,0.0005695
14,41,4,0.0005937
15,41,4,0.0012098
16,41,5,0.0012962
17,41,5,0.0025549
18,41,4,0.0094953
19,41,5,0.00985
20,41,5,0.0259908
21,41,5,0.0398962
22,41,5,0.0924946
23,41,6,0.1192526
24,41,6,0.1908357
25,41,6,0.37784132
26,41,6,0.6962776
27,41,6,1.3939021
28,41,7,1.4687729
29,41,8,1.744421
30,41,7,5.8299723
31,41,8,6.1265545
32,41,8,12.606489
33,41,9,13.714861
34,41,8,52.753407
35,41,9,57.06564
1,42,1,2e-7
2,42,1,9e-7
3,42,2,0.000001
4,42,1,0.0000039
5,42,2,0.0000042
6,42,2,0.0000089
7,42,2,0.0000178
8,42,3,0.000019
9,42,2,0.0000696
10,42,2,0.0001294
11,42,2,0.0002533
12,42,3,0.0002822
13,42,4,0.0002985
14,42,3,0.0011194
15,42,4,0.0012027
16,42,4,0.0023909
17,42,4,0.0048051
18,42,4,0.0097121
19,42,5,0.0102877
20,42,5,0.0204885
21,42,5,0.0422108
22,42,6,0.0498614
23,42,6,0.105765104
24,42,6,0.1789083
25,42,5,0.6843014
26,42,6,0.76081496
27,42,6,1.6811142
28,42,6,3.0188494
29,42,8,1.6244726
30,42,7,6.0822387
31,42,8,7.5251417
32,42,8,12.937269
33,42,8,27.686253
34,42,8,53.149105
35,42,9,59.09663
1,43,1,3e-7
2,43,1,0.0000011
3,43,2,0.0000011
4,43,2,0.000002
5,43,2,0.0000045
6,43,2,0.0000093
7,43,2,0.0000171
8,43,3,0.0002127
9,43,2,0.000064
10,43,3,0.0000722
11,43,3,0.0001369
12,43,3,0.00027
13,43,3,0.0005481
14,43,3,0.0010898
15,43,3,0.0021974
16,43,4,0.0023348
17,43,4,0.0097796
18,43,4,0.0096436
19,43,5,0.0103315
20,43,4,0.0505897
21,43,5,0.046128
22,43,6,0.0537276
23,43,5,0.1954759
24,43,6,0.2340462
25,43,6,0.44357982
26,43,7,0.4735874
27,43,6,1.5393645
28,43,6,2.857137
29,43,7,3.2122133
30,43,8,3.219489
31,43,8,6.3578277
32,43,7,24.80412
33,43,8,25.76762
34,43,8,52.714993
35,43,8,105.33459
1,44,1,4e-7
2,44,2,5e-7
3,44,2,9e-7
4,44,1,0.0000043
5,44,2,0.0000049
6,44,2,0.0000094
7,44,2,0.000017
8,44,3,0.0000177
9,44,3,0.0000382
10,44,2,0.0001292
11,44,3,0.0001396
12,44,4,0.0001841
13,44,3,0.0008085
14,44,3,0.0012222
15,44,4,0.0011891
16,44,3,0.0045024
17,44,4,0.0049042
18,44,4,0.009685
19,44,5,0.0103782
20,44,5,0.0235759
21,44,5,0.0406674
22,44,6,0.0619257
23,44,6,0.11232729
24,44,5,0.3292174
25,44,6,0.4081037
26,44,6,0.7050454
27,44,6,1.4421645
28,44,7,1.6501157
29,44,7,3.0623302
30,44,7,6.0156307
31,44,6,23.29687
32,44,8,13.019129
33,44,7,49.807785
34,44,7,104.713326
35,44,9,54.68565
1,45,1,4e-7
2,45,1,8e-7
3,45,2,0.0000011
4,45,2,0.0000022
5,45,2,0.000005
6,45,2,0.0000092
7,45,2,0.0000575
8,45,2,0.0000325
9,45,2,0.0000671
10,45,3,0.0000656
11,45,3,0.0001304
12,45,3,0.0002633
13,45,3,0.0005166
14,45,3,0.0010199
15,45,3,0.0020327
16,45,4,0.002213
17,45,4,0.0048304
18,45,5,0.0049945
19,45,5,0.0098026
20,45,5,0.0183754
21,45,6,0.0192805
22,45,5,0.1027712
23,45,5,0.20971991
24,45,6,0.22531699
25,45,5,0.7232177
26,45,6,0.8230034
27,45,7,0.8240075
28,45,6,3.3123465
29,45,8,1.5906756
30,45,7,6.968479
31,45,7,12.543187
32,45,9,6.659605
33,45,8,26.904518
34,45,8,53.13067
35,45,9,58.112537
1,46,1,3e-7
2,46,1,0.0000014
3,46,2,9e-7
4,46,2,0.0000021
5,46,2,0.0000044
6,46,2,0.0000078
7,46,3,0.0000094
8,46,2,0.0000372
9,46,3,0.0000362
10,46,3,0.0000721
11,46,3,0.0001469
12,46,3,0.000289
13,46,3,0.0005628
14,46,4,0.0006062
15,46,3,0.0022443
16,46,4,0.0024085
17,46,4,0.0048188
18,46,5,0.0153327
19,46,4,0.0198316
20,46,4,0.0403092
21,46,5,0.0419476
22,46,5,0.08363
23,46,6,0.0869922
24,46,6,0.1779009
25,46,7,0.2247283
26,46,7,0.4800522
27,46,6,1.8535612
28,46,8,1.0489503
29,46,7,3.2879214
30,46,8,3.1712842
31,46,7,12.2744
32,46,9,7.099329
33,46,8,28.338442
34,46,8,53.197456
35,46,9,65.35018
1,47,1,4e-7
2,47,1,0.000001
3,47,2,0.0000011
4,47,2,0.0000025
5,47,2,0.0000045
6,47,3,0.0000046
7,47,2,0.0000184
8,47,2,0.0000326
9,47,3,0.0000382
10,47,3,0.0000755
11,47,3,0.0001491
12,47,3,0.0002965
13,47,3,0.0005444
14,47,3,0.0011753
15,47,3,0.0022863
16,47,4,0.002404
17,47,4,0.0050002
18,47,5,0.0053385
19,47,4,0.0211883
20,47,5,0.0220731
21,47,6,0.0275866
22,47,5,0.1072634
23,47,5,0.22095689
24,47,6,0.2421155
25,47,7,0.2469307
26,47,5,1.7830393
27,47,6,1.6971166
28,47,7,2.0026953
29,47,9,0.87983185
30,47,7,6.3098946
31,47,7,12.458732
32,47,8,13.228817
33,47,8,28.110094
34,47,8,55.71463
35,47,7,148.18349
1,48,1,3e-7
2,48,1,9e-7
3,48,2,9e-7
4,48,2,0.0000016
5,48,1,0.0000052
6,48,2,0.0000043
7,48,3,0.0000051
8,48,3,0.0000137
9,48,2,0.0000326
10,48,2,0.0000722
11,48,3,0.0000896
12,48,3,0.0002139
13,48,3,0.0004318
14,48,4,0.0005931
15,48,3,0.0022046
16,48,4,0.0018322
17,48,3,0.0068388
18,48,4,0.0073595
19,48,4,0.0148984
20,48,4,0.0281189
21,48,6,0.0159612
22,48,6,0.0326549
23,48,5,0.12341551
24,48,6,0.1357376
25,48,6,0.2771929
26,48,6,0.5657985
27,48,7,0.5837488
28,48,6,2.3363676
29,48,7,2.3478336
30,48,7,4.8377614
31,48,7,10.147537
32,48,8,12.86409
33,48,8,24.506346
34,48,8,44.825447
35,48,8,71.21197
1,49,1,3e-7
2,49,1,8e-7
3,49,1,0.0000014
4,49,2,0.0000016
5,49,2,0.0000036
6,49,2,0.0000045
7,49,2,0.0000119
8,49,2,0.0000216
9,49,3,0.0000215
10,49,3,0.0000446
11,49,3,0.0001106
12,49,3,0.0001786
13,49,3,0.0003592
14,49,3,0.0016272
15,49,3,0.0016647
16,49,4,0.0018411
17,49,3,0.0068262
18,49,4,0.0074712
19,49,4,0.0145685
20,49,4,0.0314635
21,49,5,0.0333863
22,49,5,0.0621431
23,49,6,0.0666804
24,49,5,0.2646135
25,49,5,0.52863216
26,49,6,0.55714256
27,49,7,0.6695266
28,49,6,2.2352376
29,49,6,4.701689
30,49,9,1.3232921
31,49,8,5.1295295
32,49,7,24.108755
33,49,7,43.794876
34,49,8,42.150894
35,49,9,36.286167
1,50,1,4e-7
2,50,1,8e-7
3,50,2,0.000001
4,50,2,0.0000013
5,50,2,0.0000032
6,50,2,0.0000043
7,50,3,0.0000047
8,50,2,0.0000185
9,50,3,0.0000177
10,50,3,0.0000381
11,50,3,0.0000646
12,50,3,0.0001483
13,50,4,0.0001519
14,50,4,0.0003176
15,50,4,0.0006094
16,50,4,0.001564
17,50,4,0.0035582
18,50,5,0.0038609
19,50,4,0.014234
20,50,5,0.0151571
21,50,4,0.0570121
22,50,5,0.0602096
23,50,5,0.126456
24,50,5,0.2555851
25,50,7,0.145274
26,50,6,0.5509125
27,50,6,1.1290756
28,50,6,2.26048
29,50,8,1.3018484
30,50,7,4.969365
31,50,7,9.945241
32,50,8,10.456393
33,50,7,41.93166
34,50,9,23.38348
35,50,8,90.325714
1,51,1,2e-7
2,51,1,0.0000011
3,51,2,0.0000011
4,51,2,0.0000023
5,51,2,0.0000043
6,51,2,0.0000085
7,51,2,0.0000161
8,51,2,0.0000316
9,51,3,0.0000333
10,51,2,0.0001247
11,51,3,0.0001347
12,51,3,0.0002704
13,51,3,0.0005302
14,51,4,0.0005699
15,51,3,0.0021152
16,51,4,0.002255
17,51,5,0.0024265
18,51,4,0.0104254
19,51,5,0.0098803
20,51,5,0.0194206
21,51,4,0.0712018
22,51,6,0.0404723
23,51,6,0.0830676
24,51,6,0.1623365
25,51,7,0.1698683
26,51,6,0.6505033
27,51,6,1.3009212
28,51,7,1.3670111
29,51,8,1.467771
30,51,8,2.9115956
31,51,8,5.853179
32,51,8,11.801626
33,51,8,23.43604
34,51,8,51.635704
35,51,9,55.35071
1,52,1,3e-7
2,52,2,4e-7
3,52,2,0.0000014
4,52,3,0.0000014
5,52,2,0.0000047
6,52,2,0.0000088
7,52,3,0.00001
8,52,3,0.0000185
9,52,3,0.0000349
10,52,3,0.0000701
11,52,3,0.0001373
12,52,3,0.0002743
13,52,3,0.0005513
14,52,3,0.001006
15,52,3,0.0021707
16,52,4,0.0023702
17,52,4,0.0048356
18,52,4,0.0094628
19,52,4,0.0212314
20,52,4,0.0556165
21,52,5,0.0461832
22,52,5,0.1119744
23,52,6,0.097972095
24,52,6,0.2219291
25,52,7,0.2327321
26,52,6,0.8554604
27,52,6,1.7191937
28,52,7,1.8241978
29,52,7,3.5567534
30,52,7,6.125421
31,52,8,6.567939
32,52,9,6.9646425
33,52,8,25.796831
34,52,8,51.67382
35,52,9,56.597218
1,53,1,3e-7
2,53,1,0.0000014
3,53,1,0.0000021
4,53,2,0.0000021
5,53,3,0.000002
6,53,2,0.0000086
7,53,2,0.0000172
8,53,3,0.0000183
9,53,3,0.0000343
10,53,2,0.0001249
11,53,3,0.000143
12,53,3,0.0006089
13,53,2,0.0010359
14,53,3,0.0011357
15,53,3,0.002193
16,53,3,0.0045449
17,53,4,0.0048124
18,53,4,0.0095338
19,53,5,0.010619
20,53,5,0.0198754
21,53,5,0.0429822
22,53,5,0.0847207
23,53,6,0.1053592
24,53,7,0.0968773
25,53,6,0.4194534
26,53,6,0.6993943
27,53,8,0.50426364
28,53,6,2.7865188
29,53,7,2.9779868
30,53,6,14.044477
31,53,7,12.745526
32,53,8,12.375955
33,53,7,49.539364
34,53,7,100.42378
35,53,8,104.51402
1,54,1,3e-7
2,54,1,0.000001
3,54,2,0.0000014
4,54,2,0.0000026
5,54,2,0.0000042
6,54,2,0.0000089
7,54,2,0.0000157
8,54,2,0.0000306
9,54,3,0.0000422
10,54,2,0.0001319
11,54,3,0.0001282
12,54,3,0.0002775
13,54,4,0.0002809
14,54,3,0.0011356
15,54,3,0.0022513
16,54,4,0.0184461
17,54,4,0.0043492
18,54,5,0.0051952
19,54,4,0.0187958
20,54,5,0.0213665
21,54,7,0.013229
22,54,5,0.1167958
23,54,6,0.0874207
24,54,6,0.2413521
25,54,5,0.8068567
26,54,5,1.4960103
27,54,7,0.7749561
28,54,7,1.5505512
29,54,6,5.900728
30,54,7,6.4141245
31,54,8,7.350152
32,54,7,24.014278
33,54,8,25.339354
34,54,9,31.034815
35,54,9,51.51281
1,55,1,4e-7
2,55,2,5e-7
3,55,2,0.000001
4,55,2,0.0000021
5,55,2,0.0000046
6,55,2,0.0000094
7,55,3,0.0000096
8,55,2,0.0000312
9,55,3,0.0000529
10,55,3,0.0000662
11,55,3,0.0001394
12,55,4,0.0001509
13,55,3,0.0005511
14,55,4,0.0021009
15,55,4,0.0012003
16,55,5,0.0012887
17,55,4,0.0047833
18,55,3,0.0181323
19,55,4,0.030464
20,55,6,0.012486
21,55,5,0.0519729
22,55,6,0.0657935
23,55,5,0.169837
24,55,5,0.3615737
25,55,6,0.3914214
26,55,7,0.4025368
27,55,6,1.7229129
28,55,6,2.7534456
29,55,7,3.0591915
30,55,7,5.9915047
31,55,7,11.956838
32,55,7,24.51324
33,55,8,24.946426
34,55,8,51.105278
35,55,8,110.94724
1,56,1,2e-7
2,56,2,4e-7
3,56,1,0.0000022
4,56,2,0.0000022
5,56,2,0.0000049
6,56,2,0.0000087
7,56,3,0.0000098
8,56,2,0.0000329
9,56,3,0.000036
10,56,3,0.000073
11,56,3,0.0001385
12,56,3,0.0002748
13,56,3,0.0005505
14,56,4,0.0005884
15,56,3,0.0023362
16,56,4,0.0103305
17,56,4,0.0047213
18,56,4,0.0093892
19,56,4,0.0186029
20,56,5,0.0200529
21,56,5,0.0437546
22,56,5,0.0836075
23,56,5,0.16476259
24,56,6,0.1834615
25,56,5,0.71761245
26,56,6,0.67907894
27,56,7,0.716357
28,56,7,1.4406996
29,56,7,2.9196167
30,56,7,5.787647
31,56,6,22.749264
32,56,8,12.637452
33,56,8,27.905884
34,56,8,51.436646
35,56,9,56.746197
1,57,1,3e-7
2,57,2,4e-7
3,57,1,0.0000021
4,57,2,0.0000025
5,57,2,0.0000045
6,57,2,0.0000092
7,57,2,0.000018
8,57,3,0.0000198
9,57,3,0.000038
10,57,4,0.0000396
11,57,3,0.0001478
12,57,3,0.0002945
13,57,3,0.0005642
14,57,3,0.0011372
15,57,4,0.0012164
16,57,4,0.0026452
17,57,4,0.0048154
18,57,5,0.0054583
19,57,5,0.0108126
20,57,6,0.0129573
21,57,5,0.0444559
22,57,5,0.090623505
23,57,6,0.09161209
24,57,5,0.35248908
25,57,5,0.76634985
26,57,5,1.3599126
27,57,7,0.776819
28,57,7,1.5777614
29,57,7,3.1549344
30,57,7,6.254869
31,57,7,13.783086
32,57,7,24.663914
33,57,8,28.228945
34,57,8,51.672417
35,57,8,109.93542
1,58,1,4e-7
2,58,1,0.000001
3,58,2,0.0000013
4,58,3,0.0000013
5,58,2,0.0000051
6,58,2,0.0000093
7,58,2,0.000016
8,58,3,0.0000197
9,58,2,0.0000661
10,58,3,0.0000662
11,58,3,0.0001358
12,58,3,0.0002718
13,58,3,0.0005386
14,58,4,0.0005572
15,58,3,0.0022578
16,58,4,0.0024017
17,58,5,0.0025787
18,58,5,0.0051398
19,58,5,0.0103589
20,58,5,0.053879
21,58,5,0.0503315
22,58,6,0.0583474
23,58,6,0.11242569
24,58,6,0.24315271
25,58,6,0.3844786
26,58,7,0.46416542
27,58,6,1.8993005
28,58,7,1.8607444
29,58,7,3.8509529
30,58,7,6.2266035
31,58,8,8.098529
32,58,7,29.011005
33,58,8,32.18024
34,58,8,62.666805
35,58,8,112.266624
1,59,1,3e-7
2,59,1,0.0000011
3,59,2,0.0000013
4,59,2,0.0000021
5,59,3,0.0000026
6,59,2,0.0000086
7,59,2,0.0000235
8,59,3,0.0000185
9,59,3,0.0000364
10,59,2,0.0001276
11,59,2,0.0002514
12,59,3,0.0002815
13,59,3,0.000546
14,59,3,0.0011338
15,59,4,0.0012923
16,59,5,0.0015922
17,59,4,0.0049003
18,59,5,0.0068809
19,59,5,0.010474
20,59,5,0.0205289
21,59,5,0.039855
22,59,6,0.0500157
23,59,5,0.16249311
24,59,6,0.1850267
25,59,6,0.377152
26,59,6,0.6991673
27,59,6,1.5194306
28,59,7,1.5756961
29,59,7,2.9789908
30,59,7,6.3106146
31,59,8,6.649939
32,59,8,13.953339
33,59,7,53.07911
34,59,9,27.863997
35,59,9,62.84312
1,60,1,3e-7
2,60,1,9e-7
3,60,2,0.0000014
4,60,1,0.0000045
5,60,1,0.0000075
6,60,2,0.0000087
7,60,2,0.0000184
8,60,2,0.0000355
9,60,3,0.0000393
10,60,3,0.0000799
11,60,3,0.0001521
12,60,2,0.0005678
13,60,3,0.0006125
14,60,3,0.0012617
15,60,3,0.0024359
16,60,4,0.0024676
17,60,4,0.0049793
18,60,3,0.036682
19,60,5,0.0144138
20,60,5,0.0368543
21,60,4,0.0803614
22,60,5,0.1005729
23,60,5,0.2115599
24,60,5,0.401939
25,60,5,0.9234944
26,60,7,0.5548151
27,60,6,2.069028
28,60,6,3.6100466
29,60,7,4.246011
30,60,8,4.172177
31,60,8,8.712608
32,60,7,28.274137
33,60,8,27.454967
34,60,8,55.92853
35,60,8,116.07703
1,61,1,3e-7
2,61,2,3e-7
3,61,1,0.0000021
4,61,2,0.0000022
5,61,2,0.0000045
6,61,2,0.0000097
7,61,3,0.00001
8,61,3,0.00002
9,61,2,0.0000664
10,61,3,0.0000743
11,61,3,0.0001479
12,61,3,0.0002927
13,61,3,0.0005783
14,61,3,0.0011675
15,61,4,0.0012507
16,61,4,0.0024797
17,61,4,0.0050181
18,61,4,0.0100207
19,61,5,0.010667
20,61,5,0.0215781
21,61,5,0.0609031
22,61,6,0.053162
23,61,6,0.1174622
24,61,6,0.2237191
25,61,6,0.4854876
26,61,7,0.4916088
27,61,6,1.8373423
28,61,6,3.4017406
29,61,7,3.1772547
30,61,7,7.219922
31,61,7,13.415087
32,61,8,13.810289
33,61,8,26.074581
34,61,8,53.374653
35,61,9,60.244713
1,62,1,4e-7
2,62,1,8e-7
3,62,2,8e-7
4,62,2,0.000002
5,62,2,0.0000041
6,62,2,0.0000084
7,62,2,0.0000169
8,62,2,0.0000327
9,62,2,0.0000635
10,62,3,0.0000698
11,62,3,0.0001364
12,62,3,0.0002719
13,62,3,0.0005434
14,62,3,0.0011005
15,62,3,0.0022122
16,62,5,0.0012614
17,62,3,0.0087479
18,62,5,0.0049748
19,62,5,0.0216854
20,62,5,0.0196462
21,62,6,0.0470911
22,62,6,0.0423874
23,62,5,0.1879768
24,62,5,0.4330453
25,62,5,0.8401512
26,62,7,0.4549792
27,62,6,1.766422
28,62,7,1.6836038
29,62,7,2.8304813
30,62,7,5.900801
31,62,8,6.150246
32,62,8,11.331895
33,62,8,24.631271
34,62,9,26.925142
35,62,8,107.306854
1,63,1,4e-7
2,63,2,3e-7
3,63,2,0.0000012
4,63,2,0.0000021
5,63,2,0.0000044
6,63,2,0.0000088
7,63,2,0.0000175
8,63,2,0.0000299
9,63,3,0.0000343
10,63,3,0.0000653
11,63,3,0.0001338
12,63,3,0.000274
13,63,4,0.0003243
14,63,4,0.0005946
15,63,4,0.0011947
16,63,5,0.0012773
17,63,4,0.0049105
18,63,4,0.0246074
19,63,4,0.0180841
20,63,5,0.0177452
21,63,4,0.106503
22,63,6,0.0660296
23,63,6,0.0880315
24,63,5,0.35288408
25,63,5,0.8210196
26,63,6,0.6686915
27,63,6,1.7577468
28,63,6,3.5428207
29,63,7,2.875251
30,63,8,3.8152685
31,63,7,11.313851
32,63,7,25.865921
33,63,8,28.449532
34,63,8,51.017498
35,63,9,56.37374
1,64,1,3e-7
2,64,1,0.0000011
3,64,2,0.0000012
4,64,2,0.0000024
5,64,2,0.0000044
6,64,2,0.0000088
7,64,2,0.0000172
8,64,3,0.0000187
9,64,2,0.0000661
10,64,3,0.0000726
11,64,3,0.0001422
12,64,2,0.0005224
13,64,4,0.0003028
14,64,3,0.0011337
15,64,3,0.0022624
16,64,4,0.0024442
17,64,4,0.0048245
18,64,4,0.009665
19,64,4,0.0244478
20,64,5,0.0176878
21,64,5,0.0492211
22,64,5,0.1043709
23,64,6,0.1173948
24,64,6,0.22725539
25,64,6,0.44598988
26,64,6,0.8538777
27,64,6,1.3636637
28,64,7,1.5547147
29,64,8,1.5343552
30,64,7,5.725886
31,64,7,12.072228
32,64,8,12.793902
33,64,8,27.501938
34,64,8,50.474854
35,64,8,103.37304
1,65,1,3e-7
2,65,1,0.0000011
3,65,1,0.0000022
4,65,2,0.0000024
5,65,2,0.0000048
6,65,2,0.0000093
7,65,3,0.0000103
8,65,3,0.0000197
9,65,3,0.0000382
10,65,3,0.0000708
11,65,3,0.0001401
12,65,3,0.0002775
13,65,3,0.0005442
14,65,3,0.0010991
15,65,4,0.0011738
16,65,3,0.0044686
17,65,5,0.0025357
18,65,4,0.0094106
19,65,5,0.0100505
20,65,5,0.020693
21,65,6,0.02193
22,65,5,0.105267294
23,65,5,0.1627169
24,65,6,0.20956929
25,65,6,0.34297413
26,65,7,0.372877
27,65,7,0.9426323
28,65,7,1.516254
29,65,7,2.9772122
30,65,7,5.880545
31,65,7,11.824878
32,65,8,12.522883
33,65,7,50.92512
34,65,9,28.737955
35,65,8,102.95416
1,66,1,4e-7
2,66,1,0.0000012
3,66,2,0.0000013
4,66,2,0.0000023
5,66,3,0.0000023
6,66,2,0.0000089
7,66,2,0.0000205
8,66,2,0.0000329
9,66,2,0.000065
10,66,3,0.0000712
11,66,3,0.0001398
12,66,3,0.0002924
13,66,3,0.0005446
14,66,3,0.0011349
15,66,3,0.0021666
16,66,5,0.0012408
17,66,4,0.0047033
18,66,4,0.0101002
19,66,5,0.0103191
20,66,5,0.0208557
21,66,5,0.0445098
22,66,5,0.0913888
23,66,6,0.0992448
24,66,5,0.3872242
25,66,6,0.3464005
26,66,6,0.8662537
27,66,7,0.8092035
28,66,7,1.6130544
29,66,7,3.4489403
30,66,8,3.264384
31,66,7,12.705397
32,66,7,24.650023
33,66,8,26.72243
34,66,8,54.612484
35,66,10,28.69722
1,67,1,4e-7
2,67,1,8e-7
3,67,2,0.0000013
4,67,2,0.0000022
5,67,2,0.0000053
6,67,3,0.0000046
7,67,2,0.0000191
8,67,3,0.0000171
9,67,2,0.000069
10,67,3,0.0000976
11,67,4,0.0000931
12,67,3,0.0004374
13,67,3,0.000653
14,67,4,0.0008539
15,67,3,0.0025765
16,67,3,0.0054459
17,67,4,0.0051158
18,67,5,0.0055056
19,67,4,0.0205882
20,67,4,0.0400079
21,67,5,0.0427816
22,67,5,0.084915504
23,67,6,0.0919581
24,67,7,0.09631369
25,67,6,0.36311468
26,67,5,1.4198241
27,67,6,1.4768554
28,67,6,2.9697468
29,67,6,6.001852
30,67,7,6.209832
31,67,8,6.420146
32,67,7,27.171183
33,67,9,15.647156
34,67,7,103.05866
35,67,9,59.681263
1,68,1,3e-7
2,68,1,0.000001
3,68,2,0.0000016
4,68,2,0.0000023
5,68,2,0.0000044
6,68,2,0.0000481
7,68,3,0.0000109
8,68,2,0.000037
9,68,2,0.0000698
10,68,3,0.0000761
11,68,3,0.0001482
12,68,3,0.0002894
13,68,3,0.0006117
14,68,4,0.0006395
15,68,4,0.0013173
16,68,3,0.0046784
17,68,4,0.0050312
18,68,5,0.0053428
19,68,4,0.020517
20,68,4,0.0406811
21,68,5,0.0429776
22,68,6,0.0461106
23,68,5,0.17345311
24,68,6,0.1861753
25,68,6,0.3728797
26,68,6,0.7450572
27,68,7,0.7868912
28,68,7,1.5493824
29,68,7,3.0927095
30,68,8,3.3654907
31,68,8,8.34483
32,68,7,26.907078
33,68,8,26.586287
34,68,9,29.813097
35,68,8,117.448326
1,69,1,5e-7
2,69,1,0.0000012
3,69,2,0.0000012
4,69,2,0.0000026
5,69,2,0.0000051
6,69,3,0.0000055
7,69,2,0.0000172
8,69,2,0.0000359
9,69,3,0.0000385
10,69,2,0.0001361
11,69,3,0.0001506
12,69,3,0.0002766
13,69,2,0.0010325
14,69,3,0.0012407
15,69,4,0.0012212
16,69,3,0.0045554
17,69,4,0.0049893
18,69,4,0.0096023
19,69,5,0.0348036
20,69,4,0.0566775
21,69,5,0.0486082
22,69,6,0.0730477
23,69,6,0.114705294
24,69,5,0.4431054
25,69,6,0.55078167
26,69,6,0.9181006
27,69,7,1.2847137
28,69,7,2.1640823
29,69,7,4.317568
30,69,7,6.904699
31,69,7,14.958152
32,69,9,7.5732527
33,69,7,51.710155
34,69,8,57.755894
35,69,8,92.09058
1,70,1,3e-7
2,70,1,8e-7
3,70,2,0.000001
4,70,2,0.0000016
5,70,1,0.0000044
6,70,2,0.0000067
7,70,2,0.0000085
8,70,3,0.000012
9,70,3,0.0000176
10,70,2,0.0000783
11,70,2,0.0001382
12,70,3,0.0001485
13,70,3,0.0004264
14,70,3,0.0008302
15,70,4,0.000835
16,70,4,0.0018505
17,70,4,0.00553
18,70,4,0.0071778
19,70,5,0.0072186
20,70,4,0.0284736
21,70,5,0.0304604
22,70,6,0.0322085
23,70,6,0.0641063
24,70,6,0.13927409
25,70,6,0.2777672
26,70,6,0.5796567
27,70,7,0.5902981
28,70,7,1.2346419
29,70,7,2.4708898
30,70,8,2.57291
31,70,7,9.953575
32,70,7,24.692162
33,70,8,23.310251
34,70,7,77.50464
35,70,8,54.39542
1,71,1,4e-7
2,71,1,0.0000012
3,71,2,0.0000013
4,71,2,0.0000026
5,71,2,0.0000049
6,71,2,0.0000095
7,71,2,0.0000185
8,71,2,0.0000358
9,71,2,0.0000688
10,71,3,0.000075
11,71,3,0.0001485
12,71,3,0.0003272
13,71,3,0.00058
14,71,3,0.0011741
15,71,4,0.0012499
16,71,4,0.0025672
17,71,4,0.0050121
18,71,4,0.0100185
19,71,4,0.0259237
20,71,6,0.0114046
21,71,5,0.0430963
22,71,5,0.10048489
23,71,6,0.102663696
24,71,6,0.2160204
25,71,6,0.4610175
26,71,6,0.91648144
27,71,7,0.91787094
28,71,8,0.8226147
29,71,7,3.055157
30,71,7,6.4657187
31,71,8,7.339878
32,71,8,13.480005
33,71,9,14.199602
34,71,8,57.166916
35,71,8,85.90357
1,72,1,3e-7
2,72,1,9e-7
3,72,1,0.0000014
4,72,2,0.0000013
5,72,2,0.0000027
6,72,2,0.0000053
7,72,2,0.0000113
8,72,2,0.0000159
9,72,3,0.0000221
10,72,4,0.0000252
11,72,3,0.000101
12,72,3,0.0001878
13,72,2,0.0007657
14,72,3,0.0008196
15,72,4,0.0008938
16,72,4,0.00183
17,72,4,0.0036214
18,72,4,0.0072477
19,72,4,0.0145991
20,72,5,0.0154923
21,72,6,0.0161289
22,72,6,0.0322022
23,72,6,0.066168
24,72,6,0.1333669
25,72,6,0.2759243
26,72,6,0.5626966
27,72,6,1.204652
28,72,6,2.2259805
29,72,8,1.2770371
30,72,7,4.8550596
31,72,7,10.240405
32,72,7,23.84398
33,72,8,22.82193
34,72,7,77.59998
35,72,9,32.185814
1,73,1,3e-7
2,73,1,9e-7
3,73,1,0.0000017
4,73,2,0.000002
5,73,2,0.0000027
6,73,2,0.0000043
7,73,2,0.0000099
8,73,2,0.0000254
9,73,2,0.0000485
10,73,3,0.0000432
11,73,3,0.0001055
12,73,2,0.0003669
13,73,3,0.0004065
14,73,4,0.0004323
15,73,4,0.0012761
16,73,4,0.0018545
17,73,5,0.0019824
18,73,4,0.0072404
19,73,4,0.0155886
20,73,4,0.0278406
21,73,5,0.0314337
22,73,6,0.0318308
23,73,6,0.0659339
24,73,6,0.1357936
25,73,5,0.5288157
26,73,6,0.55911285
27,73,6,1.2056217
28,73,7,1.2213179
29,73,7,2.4145129
30,73,8,2.5148172
31,73,7,9.970893
32,73,7,24.139479
33,73,7,43.876156
34,73,7,73.431
35,73,8,48.724426
1,74,1,3e-7
2,74,2,5e-7
3,74,1,0.0000016
4,74,2,0.0000018
5,74,2,0.0000032
6,74,2,0.0000043
7,74,3,0.0000062
8,74,3,0.000012
9,74,3,0.0000269
10,74,3,0.000044
11,74,4,0.0000567
12,74,3,0.0002129
13,74,3,0.0004212
14,74,3,0.0008403
15,74,3,0.00176
16,74,4,0.0018188
17,74,4,0.0033792
18,74,4,0.0072862
19,74,5,0.00788
20,74,5,0.0172023
21,74,5,0.0304511
22,74,5,0.0607064
23,74,6,0.0652909
24,74,6,0.1375387
25,74,5,0.5241991
26,74,6,0.559734
27,74,6,1.1900666
28,74,6,2.310135
29,74,7,2.4110653
30,74,7,4.816494
31,74,7,10.699004
32,74,7,24.289259
33,74,9,11.961107
34,74,8,44.663258
35,74,8,70.40868
1,75,1,4e-7
2,75,1,8e-7
3,75,2,9e-7
4,75,3,0.0000011
5,75,2,0.0000025
6,75,2,0.0000042
7,75,2,0.0000082
8,75,2,0.0000156
9,75,3,0.0000175
10,75,3,0.0000359
11,75,3,0.0000689
12,75,3,0.0001754
13,75,3,0.0002773
14,75,4,0.0002919
15,75,4,0.0006097
16,75,4,0.0016842
17,75,5,0.0014341
18,75,4,0.0071844
19,75,4,0.0145933
20,75,5,0.0153598
21,75,5,0.0306635
22,75,6,0.0362824
23,75,6,0.0643391
24,75,6,0.1332346
25,75,7,0.1437912
26,75,6,0.55437773
27,75,6,1.1257623
28,75,8,0.6412421
29,75,6,4.5367813
30,75,6,9.4153185
31,75,8,5.2451563
32,75,7,20.476814
33,75,8,22.032713
34,75,8,44.434765
35,75,8,90.171104
1,76,1,3e-7
2,76,2,4e-7
3,76,1,0.0000023
4,76,2,0.0000023
5,76,2,0.0000046
6,76,2,0.0000081
7,76,2,0.0000286
8,76,3,0.0000264
9,76,2,0.0000625
10,76,3,0.000136
11,76,2,0.0002149
12,76,3,0.0002556
13,76,3,0.0005629
14,76,3,0.0010648
15,76,4,0.00113
16,76,4,0.0022643
17,76,4,0.0044883
18,76,4,0.0090689
19,76,4,0.0190055
20,76,5,0.0187736
21,76,5,0.0381713
22,76,5,0.0768406
23,76,6,0.0794991
24,76,5,0.3056416
25,76,6,0.34540838
26,76,6,0.6537316
27,76,6,1.3380027
28,76,7,1.3771508
29,76,6,5.2150784
30,76,7,5.5138817
31,76,7,11.06993
32,76,8,11.810369
33,76,7,46.578045
34,76,8,52.51561
35,76,8,106.89545
1,77,1,3e-7
2,77,1,9e-7
3,77,1,0.000002
4,77,1,0.0000035
5,77,2,0.0000043
6,77,2,0.0000086
7,77,2,0.0000167
8,77,2,0.0000346
9,77,2,0.0000611
10,77,2,0.0001193
11,77,3,0.0001314
12,77,3,0.0002601
13,77,3,0.0005165
14,77,3,0.0010511
15,77,3,0.0022823
16,77,4,0.0024188
17,77,5,0.0025699
18,77,4,0.0096101
19,77,4,0.0206993
20,77,5,0.0207772
21,77,5,0.0457851
22,77,5,0.1032504
23,77,5,0.2330632
24,77,5,0.4090031
25,77,5,0.8192704
26,77,6,0.67814964
27,77,7,0.9159069
28,77,7,1.8269645
29,77,8,1.8499506
30,77,7,6.834068
31,77,7,12.821525
32,77,7,25.682186
33,77,7,51.929604
34,77,8,50.808357
35,77,8,107.97938
1,78,1,3e-7
2,78,1,0.000001
3,78,2,0.000001
4,78,2,0.0000021
5,78,2,0.0000037
6,78,2,0.0000084
7,78,3,0.0000092
8,78,3,0.0000173
9,78,2,0.0000649
10,78,3,0.0000696
11,78,3,0.0001372
12,78,3,0.0002729
13,78,4,0.0002948
14,78,4,0.0005837
15,78,4,0.0011891
16,78,3,0.0044942
17,78,4,0.0048208
18,78,5,0.0051422
19,78,5,0.0100555
20,78,5,0.0347277
21,78,4,0.096051104
22,78,5,0.0917512
23,78,6,0.1210057
24,78,6,0.2436302
25,78,7,0.1848673
26,78,6,0.67814547
27,78,6,1.7342358
28,78,7,1.6486449
29,78,7,3.4969974
30,78,8,3.8430145
31,78,7,12.519392
32,78,7,25.24159
33,78,7,50.45338
34,78,8,51.749374
35,78,8,109.91474
1,79,1,4e-7
2,79,1,0.0000011
3,79,1,0.0000019
4,79,2,0.0000018
5,79,2,0.0000041
6,79,2,0.0000085
7,79,2,0.0000165
8,79,3,0.0000218
9,79,3,0.000035
10,79,3,0.0000706
11,79,3,0.0001412
12,79,4,0.0001482
13,79,3,0.0006153
14,79,4,0.0005972
15,79,3,0.0022603
16,79,4,0.0024013
17,79,4,0.0048278
18,79,5,0.008176
19,79,5,0.0102672
20,79,5,0.0303014
21,79,5,0.0547319
22,79,5,0.0923624
23,79,5,0.2085674
24,79,5,0.3639129
25,79,7,0.1983663
26,79,6,0.7390461
27,79,6,1.4049792
28,79,6,2.988657
29,79,7,2.9476178
30,79,7,6.0169334
31,79,8,6.6671267
32,79,8,13.3408575
33,79,8,27.061787
34,79,8,50.315228
35,79,8,105.871025
1,80,1,6e-7
2,80,1,0.0000012
3,80,1,0.0000023
4,80,1,0.0000047
5,80,2,0.0000053
6,80,2,0.0000093
7,80,2,0.0000185
8,80,2,0.0000308
9,80,3,0.000035
10,80,4,0.0000431
11,80,3,0.0001513
12,80,3,0.0022132
13,80,3,0.0062722
14,80,4,0.0006144
15,80,3,0.0022653
16,80,4,0.0024336
17,80,4,0.0049277
18,80,6,0.0026509
19,80,4,0.0405472
20,80,5,0.0210065
21,80,6,0.0270128
22,80,6,0.0589229
23,80,5,0.3096154
24,80,6,0.2376988
25,80,6,0.48552498
26,80,8,0.2228959
27,80,6,1.5565765
28,80,7,2.164245
29,80,7,3.3190076
30,80,7,6.7998343
31,80,8,6.7346745
32,80,8,14.97574
33,80,8,33.62678
34,80,8,55.32927
35,80,8,118.450264
1,81,1,8e-7
2,81,1,0.0000011
3,81,1,0.0000022
4,81,2,0.0000027
5,81,2,0.0000048
6,81,2,0.0000095
7,81,2,0.0000186
8,81,3,0.0000191
9,81,3,0.0000384
10,81,2,0.0001368
11,81,3,0.0001492
12,81,3,0.0002956
13,81,3,0.0042644
14,81,3,0.0011763
15,81,3,0.0023362
16,81,3,0.0048226
17,81,5,0.0026416
18,81,5,0.0055318
19,81,6,0.0062514
20,81,6,0.0447962
21,81,4,0.100502096
22,81,5,0.11370791
23,81,5,0.2350454
24,81,6,0.2505315
25,81,6,0.49633992
26,81,6,1.0028306
27,81,8,0.55750066
28,81,6,3.822605
29,81,7,3.098919
30,81,7,6.6394563
31,81,8,6.847967
32,81,8,14.14291
33,81,8,31.732159
34,81,8,53.022076
35,81,8,86.17904
1,82,1,4e-7
2,82,1,0.000001
3,82,2,0.000001
4,82,1,0.0000042
5,82,3,0.0000022
6,82,3,0.0000049
7,82,2,0.0000176
8,82,3,0.0000194
9,82,2,0.0000689
10,82,4,0.0000392
11,82,3,0.0001525
12,82,3,0.0002938
13,82,3,0.0005654
14,82,3,0.0011716
15,82,3,0.0023144
16,82,3,0.0046798
17,82,4,0.004944
18,82,4,0.018155
19,82,5,0.0107506
20,82,5,0.039526
21,82,5,0.0443646
22,82,6,0.0476457
23,82,6,0.1053486
24,82,6,0.2148888
25,82,6,0.36463448
26,82,6,0.7343355
27,82,6,1.8743069
28,82,8,1.0519933
29,82,7,3.4442942
30,82,8,3.989151
31,82,7,14.228198
32,82,7,25.012032
33,82,7,46.065887
34,82,7,87.613174
35,82,8,76.384995
1,83,1,3e-7
2,83,2,3e-7
3,83,1,0.000002
4,83,2,0.000002
5,83,2,0.0000043
6,83,2,0.0000088
7,83,3,0.0000096
8,83,2,0.0000342
9,83,3,0.0000367
10,83,3,0.0000731
11,83,3,0.0001465
12,83,3,0.0002885
13,83,3,0.0005718
14,83,3,0.0011656
15,83,3,0.0023837
16,83,4,0.0024911
17,83,4,0.0049685
18,83,4,0.0097995
19,83,5,0.0333896
20,83,6,0.0106546
21,83,5,0.0457419
22,83,6,0.0527152
23,83,6,0.1727803
24,83,5,0.4560617
25,83,6,0.4931016
26,83,6,1.016802
27,83,7,0.90947026
28,83,7,2.0752413
29,83,7,4.148929
30,83,7,8.527403
31,83,8,7.6486835
32,83,7,29.49503
33,83,8,21.262001
34,83,8,48.5521
35,83,9,46.13521
1,84,1,3e-7
2,84,2,7e-7
3,84,2,0.0000014
4,84,2,0.0000025
5,84,3,0.0000025
6,84,2,0.0000095
7,84,3,0.00001
8,84,3,0.00002
9,84,3,0.0000385
10,84,3,0.000079
11,84,2,0.000277
12,84,3,0.000305
13,84,3,0.0005914
14,84,3,0.0021358
15,84,4,0.0022037
16,84,4,0.003356
17,84,4,0.005173
18,84,4,0.0102331
19,84,5,0.0109515
20,84,4,0.0407724
21,84,5,0.0603326
22,84,5,0.10174929
23,84,6,0.1160008
24,84,6,0.258393
25,84,6,0.3873207
26,84,5,1.5407553
27,84,7,0.8522704
28,84,7,1.5836716
29,84,7,3.769153
30,84,6,11.713855
31,84,7,12.6560755
32,84,8,14.370163
33,84,8,25.548735
34,84,8,53.51704
35,84,9,49.496597
1,85,1,3e-7
2,85,1,9e-7
3,85,1,0.000002
4,85,2,0.0000019
5,85,3,0.0000027
6,85,3,0.0000056
7,85,2,0.0000183
8,85,3,0.0000197
9,85,3,0.0000391
10,85,3,0.0000758
11,85,3,0.0001475
12,85,3,0.0002961
13,85,3,0.0005869
14,85,3,0.0011646
15,85,3,0.0053519
16,85,4,0.0024966
17,85,5,0.0026665
18,85,4,0.0100806
19,85,5,0.010728
20,85,5,0.0249221
21,85,5,0.0497521
22,85,5,0.0961065
23,85,5,0.1972824
24,85,6,0.23817939
25,85,6,0.4571005
26,85,6,0.8306758
27,85,8,0.49111962
28,85,7,1.6366801
29,85,6,6.821343
30,85,8,3.8115175
31,85,7,12.576599
32,85,8,14.897626
33,85,8,25.915085
34,85,8,46.267075
35,85,9,48.594757
1,86,1,4e-7
2,86,1,0.0000011
3,86,1,0.0000022
4,86,2,0.0000026
5,86,2,0.000005
6,86,2,0.0000096
7,86,2,0.000018
8,86,3,0.0000205
9,86,3,0.0000388
10,86,2,0.0001306
11,86,3,0.0001499
12,86,3,0.0002982
13,86,3,0.0005862
14,86,4,0.0006256
15,86,4,0.0012577
16,86,5,0.0013294
17,86,4,0.0049759
18,86,4,0.0100346
19,86,4,0.0427484
20,86,5,0.021565
21,86,5,0.0614607
22,86,5,0.10912129
23,86,5,0.2083561
24,86,6,0.235795
25,86,6,0.45629698
26,86,6,0.906461
27,86,6,1.5275652
28,86,7,1.6007164
29,86,7,3.6772766
30,86,7,7.097751
31,86,7,15.160561
32,86,7,25.017704
33,86,7,47.75476
34,86,7,88.50029
35,86,9,43.620457
1,87,1,2e-7
2,87,1,8e-7
3,87,1,0.0000014
4,87,2,0.0000015
5,87,1,0.0000048
6,87,2,0.000004
7,87,2,0.0000114
8,87,4,0.0000045
9,87,2,0.0000499
10,87,3,0.000044
11,87,2,0.0001916
12,87,3,0.0002113
13,87,4,0.0002237
14,87,3,0.0016989
15,87,3,0.0016926
16,87,3,0.0034913
17,87,5,0.0018955
18,87,4,0.0072321
19,87,4,0.01401
20,87,5,0.0152288
21,87,6,0.0165526
22,87,6,0.0318834
23,87,5,0.1240514
24,87,5,0.2569016
25,87,6,0.2726613
26,87,6,0.5521294
27,87,7,0.5914569
28,87,7,1.1728855
29,87,8,1.2601229
30,87,7,4.8234735
31,87,8,5.096786
32,87,7,20.206669
33,87,8,22.045176
34,87,9,23.290344
35,87,8,91.68014
1,88,1,3e-7
2,88,1,0.000001
3,88,2,0.000001
4,88,2,0.0000021
5,88,2,0.0000045
6,88,2,0.0000087
7,88,2,0.0000169
8,88,2,0.0000323
9,88,2,0.0000624
10,88,3,0.0000692
11,88,2,0.0002466
12,88,3,0.0002748
13,88,3,0.00053
14,88,3,0.001131
15,88,4,0.0011307
16,88,4,0.0022528
17,88,4,0.0046325
18,88,4,0.0091584
19,88,5,0.0107306
20,88,4,0.0362721
21,88,5,0.0378638
22,88,5,0.0752035
23,88,5,0.1521012
24,88,6,0.16100979
25,88,6,0.3340133
26,88,7,0.3422451
27,88,8,0.3696032
28,88,8,0.7143883
29,88,7,2.7461774
30,88,7,5.566976
31,88,7,10.958041
32,88,7,21.851843
33,88,8,23.447596
34,88,9,24.733658
35,88,8,99.6656
1,89,1,3e-7
2,89,1,8e-7
3,89,1,0.0000019
4,89,2,0.0000019
5,89,3,0.0000023
6,89,2,0.0000082
7,89,3,0.0000095
8,89,3,0.000018
9,89,4,0.0000191
10,89,3,0.0000713
11,89,3,0.0001389
12,89,3,0.0002748
13,89,3,0.0005455
14,89,4,0.000589
15,89,3,0.0021621
16,89,4,0.0023181
17,89,4,0.0046726
18,89,4,0.0092647
19,89,5,0.0099486
20,89,5,0.0199605
21,89,5,0.0441866
22,89,6,0.08091889
23,89,6,0.1068286
24,89,6,0.20705089
25,89,6,0.417286
26,89,7,0.4330213
27,89,6,1.6376776
28,89,6,3.3097708
29,89,7,3.1103356
30,89,7,5.973038
31,89,8,6.2677927
32,89,7,24.723032
33,89,7,50.37321
34,89,9,28.257366
35,89,9,56.48624
1,90,1,4e-7
2,90,2,4e-7
3,90,2,0.0000012
4,90,2,0.0000023
5,90,2,0.0000044
6,90,2,0.0000092
7,90,2,0.0000176
8,90,3,0.0000194
9,90,3,0.0000374
10,90,2,0.0001319
11,90,3,0.000143
12,90,3,0.0002825
13,90,3,0.0005718
14,90,4,0.0006017
15,90,4,0.0014211
16,90,4,0.0026295
17,90,4,0.0048193
18,90,4,0.0109205
19,90,4,0.0198359
20,90,4,0.0406535
21,90,5,0.041816
22,90,5,0.084331505
23,90,6,0.0850952
24,90,7,0.1198309
25,90,6,0.4598116
26,90,6,0.8906662
27,90,6,1.4874632
28,90,7,1.7974486
29,90,6,5.460944
30,90,7,6.443011
31,90,7,12.566304
32,90,7,23.380781
33,90,9,15.470776
34,90,9,29.446468
35,90,9,59.86708
1,91,1,3e-7
2,91,1,0.0000012
3,91,2,0.0000013
4,91,2,0.0000026
5,91,3,0.0000026
6,91,2,0.000009
7,91,3,0.0000099
8,91,3,0.0000189
9,91,2,0.0000655
10,91,2,0.0001324
11,91,3,0.0001401
12,91,3,0.0002847
13,91,4,0.0003061
14,91,4,0.0006072
15,91,3,0.0022602
16,91,4,0.0023106
17,91,4,0.0058757
18,91,5,0.0051009
19,91,5,0.0104043
20,91,5,0.0206604
21,91,5,0.0410462
22,91,5,0.0836102
23,91,6,0.130295
24,91,6,0.20344791
25,91,6,0.3766272
26,91,6,0.7458877
27,91,6,1.6504261
28,91,7,1.8330903
29,91,8,1.7316947
30,91,8,3.665572
31,91,7,13.075372
32,91,8,12.797387
33,91,7,48.43417
34,91,8,51.737686
35,91,8,104.07299
1,92,1,4e-7
2,92,1,0.000001
3,92,2,0.000001
4,92,2,0.0000025
5,92,2,0.0000045
6,92,2,0.0000091
7,92,3,0.0000102
8,92,2,0.0000347
9,92,3,0.0000357
10,92,3,0.0000738
11,92,2,0.00026
12,92,3,0.0002657
13,92,3,0.0005494
14,92,4,0.0006024
15,92,4,0.0010782
16,92,3,0.016283
17,92,4,0.0048155
18,92,4,0.0087976
19,92,5,0.0093934
20,92,4,0.0410488
21,92,5,0.0486681
22,92,6,0.0433305
23,92,6,0.1070046
24,92,7,0.115911104
25,92,6,0.44537959
26,92,7,0.4563272
27,92,6,1.6813123
28,92,7,1.812432
29,92,7,3.610464
30,92,7,7.165454
31,92,8,6.871534
32,92,8,13.712113
33,92,8,26.089737
34,92,8,51.51995
35,92,9,53.5027
1,93,1,4e-7
2,93,1,0.0000014
3,93,2,0.0000014
4,93,2,0.0000025
5,93,2,0.0000045
6,93,3,0.0011487
7,93,2,0.0000157
8,93,2,0.0000337
9,93,2,0.0000592
10,93,3,0.0000662
11,93,4,0.000069
12,93,3,0.0002776
13,93,3,0.0005546
14,93,3,0.0010296
15,93,4,0.001218
16,93,3,0.0045118
17,93,4,0.0046448
18,93,5,0.0050103
19,93,4,0.0192241
20,93,5,0.0369001
21,93,5,0.0421622
22,93,5,0.099113
23,93,5,0.2528756
24,93,6,0.1810099
25,93,6,0.4121417
26,93,6,0.7997694
27,93,6,1.7542713
28,93,7,1.7247818
29,93,6,6.9624076
30,93,8,3.6081064
31,93,7,12.182959
32,93,8,14.898107
33,93,7,51.760567
34,93,8,51.998066
35,93,8,106.15494
1,94,1,5e-7
2,94,2,8e-7
3,94,1,0.0000022
4,94,2,0.0000022
5,94,2,0.000005
6,94,2,0.0000094
7,94,3,0.0000098
8,94,3,0.0000194
9,94,2,0.0000668
10,94,2,0.0001246
11,94,3,0.0001438
12,94,4,0.0001435
13,94,3,0.0005091
14,94,3,0.0010159
15,94,3,0.0020736
16,94,4,0.0039335
17,94,4,0.004422
18,94,5,0.0049983
19,94,4,0.0272338
20,94,5,0.0277532
21,94,5,0.0583561
22,94,5,0.090502895
23,94,5,0.2229291
24,94,5,0.438539
25,94,7,0.1775273
26,94,7,0.4699626
27,94,6,1.4668535
28,94,6,3.461541
29,94,7,4.000837
30,94,8,4.003011
31,94,8,7.535741
32,94,7,27.371248
33,94,8,26.201487
34,94,8,57.021362
35,94,8,117.42798
1,95,1,4e-7
2,95,2,5e-7
3,95,2,0.000001
4,95,2,0.0000023
5,95,2,0.0000049
6,95,3,0.0000053
7,95,2,0.0000193
8,95,2,0.0000361
9,95,2,0.0000711
10,95,4,0.0000361
11,95,2,0.0002795
12,95,2,0.0005763
13,95,3,0.0009352
14,95,4,0.000685
15,95,4,0.0012936
16,95,4,0.0025865
17,95,3,0.0097044
18,95,5,0.0055403
19,95,4,0.0289667
20,95,5,0.0215729
21,95,5,0.0547852
22,95,5,0.111648
23,95,5,0.2169075
24,95,5,0.37833288
25,95,5,0.7853143
26,95,8,0.21497649
27,95,6,1.7654068
28,95,7,1.9596231
29,95,8,2.0593925
30,95,6,14.190763
31,95,8,6.636186
32,95,8,14.093175
33,95,7,57.834484
34,95,8,59.298435
35,95,8,108.52993
1,96,1,4e-7
2,96,1,9e-7
3,96,2,0.0000011
4,96,2,0.0000026
5,96,3,0.0000025
6,96,2,0.0000089
7,96,2,0.0000172
8,96,3,0.0000184
9,96,3,0.0000397
10,96,2,0.000128
11,96,3,0.0001388
12,96,3,0.0002745
13,96,3,0.0006017
14,96,3,0.0011314
15,96,3,0.0022535
16,96,3,0.0045189
17,96,4,0.0047672
18,96,4,0.0096272
19,96,5,0.01036
20,96,5,0.0207527
21,96,6,0.0236315
22,96,5,0.094790705
23,96,6,0.0859814
24,96,6,0.2120358
25,96,6,0.35045868
26,96,7,0.3744031
27,96,7,0.80193204
28,96,6,2.8664448
29,96,7,3.0040655
30,96,7,5.929851
31,96,7,13.1006
32,96,8,12.911628
33,96,8,27.744015
34,96,9,30.325481
35,96,8,113.078186
1,97,1,3e-7
2,97,2,4e-7
3,97,2,0.0000013
4,97,2,0.0000026
5,97,2,0.0000049
6,97,2,0.0000097
7,97,2,0.0000283
8,97,2,0.000036
9,97,3,0.0000385
10,97,3,0.0000752
11,97,3,0.0001489
12,97,3,0.000297
13,97,4,0.000326
14,97,4,0.0006265
15,97,4,0.001221
16,97,3,0.0046774
17,97,4,0.0051155
18,97,5,0.0054096
19,97,5,0.0274345
20,97,5,0.0214421
21,97,5,0.0429163
22,97,6,0.0451788
23,97,6,0.094786
24,97,5,0.3726528
25,97,6,0.3945552
26,97,6,0.8022541
27,97,7,0.8568814
28,97,7,1.7201109
29,97,7,3.472591
30,97,7,6.940675
31,97,7,13.412561
32,97,7,25.39126
33,97,8,28.776833
34,97,9,27.447075
35,97,9,58.891796
1,98,1,0.000001
2,98,2,4e-7
3,98,2,0.0000014
4,98,2,0.0000023
5,98,2,0.0000052
6,98,2,0.0000101
7,98,3,0.0000104
8,98,2,0.0000365
9,98,2,0.0000696
10,98,3,0.0000745
11,98,3,0.0001536
12,98,4,0.0001593
13,98,3,0.0006082
14,98,3,0.0011756
15,98,3,0.0023437
16,98,4,0.0025807
17,98,4,0.0052593
18,98,4,0.0099601
19,98,5,0.0123296
20,98,5,0.0229768
21,98,5,0.047452
22,98,5,0.11649
23,98,6,0.1244678
24,98,7,0.1167028
25,98,7,0.1939268
26,98,6,0.7243677
27,98,6,1.5148481
28,98,6,3.952844
29,98,8,1.6305249
30,98,6,12.295979
31,98,8,7.309031
32,98,8,14.32541
33,98,7,56.026756
34,98,8,54.781506
35,98,7,208.51396
1,99,1,3e-7
2,99,1,0.0000012
3,99,2,0.0000011
4,99,2,0.0000026
5,99,2,0.000005
6,99,3,0.0000055
7,99,2,0.0000182
8,99,2,0.0000359
9,99,3,0.0000397
10,99,2,0.00012
11,99,4,0.0000822
12,99,3,0.0003554
13,99,3,0.0005577
14,99,4,0.0005989
15,99,3,0.002405
16,99,4,0.0025699
17,99,3,0.0089463
18,99,4,0.0099124
19,99,5,0.0318108
20,99,5,0.021669
21,99,5,0.0577733
22,99,6,0.0615087
23,99,6,0.1265249
24,99,7,0.1483247
25,99,5,0.9508878
26,99,6,0.9758284
27,99,7,1.0460202
28,99,7,2.0927465
29,99,7,4.2932086
30,99,7,8.061036
31,99,7,15.244942
32,99,8,15.9128275
33,99,9,16.4512
34,99,8,60.33034
35,99,9,64.84725
